fk_order_id,fk_service_id
15,36
25,45
31,36
30,43
39,25
5,50
28,26
41,1
47,14
3,39
43,21
49,46
7,23
49,35
45,27
6,18
9,17
47,48
42,41
47,16
41,2
41,22
22,30
5,31
16,20
32,44
35,2
23,40
46,14
39,45
24,41
28,22
40,21
6,12
12,37
44,38
21,20
47,8
39,30
20,44
1,49
43,1
43,43
6,19
25,9
5,37
38,30
25,8
46,7
46,40
1304,1111
190,3781
604,1367
7,643
554,1849
2449,2636
663,2930
597,378
2344,2589
1726,1879
931,3675
1610,207
2382,2190
493,3047
3861,499
24,1440
3960,186
468,2404
152,2429
2522,133
1942,2933
1562,3804
3848,386
85,761
1873,59
1528,1747
3591,2014
3929,3958
3392,3869
2674,2870
636,835
3881,1444
3050,2274
852,3055
99,49
2639,764
3025,2886
2673,1991
3163,2238
1296,226
2341,3841
3194,3389
2748,3146
125,3149
1019,1658
1919,1217
3371,2653
2771,326
3165,3706
2418,898
3717,1313
725,2527
3555,2656
2265,3218
3688,2071
1193,1523
2172,828
2957,121
152,3619
2652,3285
2831,1569
1887,3875
3382,2539
785,2041
3423,1891
976,2170
2108,2677
3931,1423
169,1262
3888,195
1039,1986
723,2645
485,1584
152,3990
3081,3391
1070,1056
1281,2303
296,2383
1793,384
2079,2269
2069,2615
388,2031
2333,1273
2932,621
1821,3384
3910,1853
1388,1636
642,3248
2138,3850
2470,2972
3710,2448
2179,1590
3796,544
2933,3113
3603,2870
1065,1662
1270,2946
663,2712
3767,681
178,3585
1619,2289
868,2749
1994,2107
1160,3043
3363,2900
3100,1073
3985,996
851,2813
3413,1666
1276,3770
1245,2687
3196,1127
1125,3066
379,660
3308,2608
1805,688
1832,1276
1650,456
866,3382
487,2626
3475,508
3232,298
265,929
767,2205
183,2814
3622,421
1194,350
2985,3667
3783,777
2743,1358
65,2248
1240,2180
2172,3986
1495,3262
1901,464
2180,3583
2924,879
3076,2241
1220,2068
1678,144
3143,642
963,1039
2614,1160
276,2882
2000,2469
1211,1843
3130,1241
1439,800
3703,3464
2971,1985
1015,3144
3743,2955
1601,3608
306,392
1038,2892
1308,1109
3507,3881
1641,3816
438,2552
3320,2979
2195,775
125,1354
2374,3804
3799,2765
3069,1458
1423,1311
412,95
3738,886
1492,2958
1536,1872
809,1139
2999,1091
1791,2067
3374,2104
3528,1758
3899,2328
1684,19
1319,2124
3182,2133
3734,2062
3568,1391
471,2510
2230,1231
1819,120
3939,493
2711,2308
67,477
877,3177
1846,3085
798,1225
1987,394
3299,3567
1269,3576
3733,3293
1574,1332
192,2551
2578,2747
3197,3493
2086,130
3781,59
2507,1040
264,1685
2250,270
2560,1443
3823,1113
3049,685
2336,3281
2076,1132
199,1640
591,1550
1131,871
3112,596
2272,1647
1585,1870
3327,1501
751,383
270,2870
3215,1871
2504,399
2600,2444
3167,1007
1559,694
1620,3370
1268,3066
1376,1811
3317,3074
1433,611
822,2708
467,185
549,2121
828,3302
1274,84
2106,3446
742,2081
3410,67
659,3391
2333,1181
2064,887
76,1494
1080,2558
2994,1563
3603,496
649,3507
2029,78
1514,777
3284,2605
1142,2436
1881,3616
3879,2886
1576,549
1208,2108
132,3047
3747,1383
2846,830
2163,2247
3546,2990
2804,2092
3159,3410
2259,1113
1161,396
1185,3835
1332,1622
2257,1429
1034,2723
1229,301
2652,2619
3446,655
1705,1059
1689,1857
1401,11
354,3568
1630,145
339,597
2077,2656
856,1376
3440,164
2160,1676
3537,1066
1013,1050
3085,3604
2558,1937
1163,2303
3537,3335
1463,894
413,2949
924,1464
586,1173
2899,289
2109,765
249,2748
3937,2012
3078,1633
386,991
3550,2348
2198,3047
1872,3828
1944,1428
403,2826
207,3748
2202,3865
2319,1931
9,2292
1653,2505
197,1042
1136,2062
1331,232
1731,2088
3589,2059
1295,1123
3079,3843
1710,3104
2704,3955
1539,2411
1035,43
1989,813
2346,95
2761,841
1496,129
2160,1865
394,2578
1956,117
1270,3873
683,961
492,2695
3209,3970
1259,384
3137,1030
3646,263
1379,490
1640,1380
733,525
758,1826
1714,1851
2962,3846
495,565
2845,3039
2694,2289
121,3057
3226,796
3633,3265
1757,2204
1435,2342
3589,1209
721,3622
2989,3111
245,3909
1619,3761
1885,3067
3601,1048
12,701
85,1242
2083,2748
552,2949
443,2833
2677,1121
1979,1693
1744,1078
1464,5
679,366
2885,1081
1216,3510
2045,1631
1849,371
45,3904
2945,1963
3736,3149
876,404
3353,207
3125,1550
3852,225
3362,1732
2912,2636
1974,1617
195,739
1515,1404
2160,2563
905,653
2612,1215
3675,518
690,158
2416,3125
2545,1261
2086,3038
875,3805
1954,1588
575,177
1743,3739
2225,3560
1714,1829
1022,1598
897,3710
1481,998
1868,940
2843,1224
3676,1397
2981,2482
2466,1451
3797,372
373,2633
2207,1496
2885,1879
3936,703
1773,3024
1063,3724
1591,2386
798,997
706,1497
1942,111
3223,1117
107,76
441,3982
3520,457
2065,2069
770,3534
1325,3374
2723,2186
3026,601
2940,106
2027,2679
1150,3915
2574,3966
3635,1932
1113,919
2180,3420
3141,3549
1466,3692
1313,163
1279,1457
3947,70
1635,223
412,142
2865,2637
3471,3269
3253,2108
2506,1549
2648,3414
2620,161
2450,3145
1833,983
866,427
1232,1279
826,812
1611,3698
2693,2258
388,3397
1311,2425
2889,2291
1516,894
2832,3632
3400,1308
3517,514
234,2608
1886,694
1585,3631
757,1846
2413,2092
1602,1132
2519,2145
3354,594
2403,1432
2343,1106
739,2354
1612,3599
1728,2811
1626,956
2716,2297
778,2802
2491,1040
3146,1080
3477,2925
1711,632
3702,974
661,525
975,2973
944,166
277,3960
1437,846
2827,5
2220,672
565,3902
1301,2446
3885,2402
1800,579
2294,68
759,2194
3397,3497
1798,1487
1618,1326
3609,3017
3060,3581
1302,3716
2053,709
1116,1234
1656,3352
2082,3874
1503,2049
3881,118
2180,3286
3911,3625
3627,3213
1064,3589
3593,381
794,940
3889,2457
1679,3517
1760,1359
2997,3234
783,2902
2997,2941
703,1640
1217,1347
2580,1003
3179,816
8,483
3690,1075
965,3787
155,282
1091,2088
1387,3943
246,2441
2402,30
1048,1303
1249,3312
2665,2851
822,3138
2957,2010
1233,3021
1304,873
3018,1787
952,1024
141,2340
3056,3038
2415,1016
2862,2628
2561,244
166,1181
1561,2878
1240,544
3444,902
3643,1655
3287,914
49,2144
338,1954
700,1582
3222,1842
373,1740
2356,1464
2319,2493
1500,2270
1129,3122
3934,2838
524,190
3306,3184
3205,1133
2257,1203
806,3978
2432,394
2241,2659
3955,1229
2046,2420
45,3961
2682,1007
1361,1999
1715,18
1709,3712
634,1065
3609,433
1893,205
1491,1219
225,2057
1825,2814
3555,3626
1089,1274
37,3994
1184,430
422,483
3316,3083
1623,3875
1181,139
1064,1589
1046,2557
2273,837
33,3450
2848,3007
2616,2593
2138,748
2311,3044
214,2413
985,530
3977,1551
1723,109
2113,420
764,3541
3659,2809
2982,1752
3925,1453
1074,86
1147,1203
3533,3361
3026,174
678,3727
3901,1554
3540,232
1108,1485
2257,3684
3513,2488
1619,2653
1691,1484
1083,2796
3871,1509
1108,1824
1892,587
1848,244
1752,2401
2819,1737
1315,846
2774,1578
3868,1379
1811,2202
3759,2517
224,502
3664,2711
1132,597
736,242
2823,3811
1132,27
770,3699
2825,1649
487,1391
3591,1369
1149,2061
2967,796
3288,2532
2217,24
76,3150
2992,1355
1742,3680
144,3655
2279,974
677,2449
3421,2273
471,3748
3161,1402
173,1824
3659,146
1572,3504
834,3411
1590,2816
472,3248
452,1859
929,591
3509,2274
3393,1356
3161,3520
547,705
3795,1293
1536,2751
3647,2093
3066,1302
1085,1612
1181,930
3635,2444
1412,2617
531,3865
3794,72
1497,905
3375,3838
1010,2635
1205,3193
1602,1652
2093,1462
3374,1450
2396,2948
2442,249
3515,1076
283,2720
41,1160
2709,2815
1405,543
3548,731
3279,2507
1276,1602
1201,2081
2011,35
867,861
1791,1116
3501,651
2004,1023
3045,2921
2285,2921
1000,1229
2396,3057
415,1250
482,1542
3792,273
2304,3514
1074,3727
3256,3948
1721,2627
1555,3674
2278,839
961,115
2475,2587
1,3126
2366,45
1141,3264
868,2220
712,2326
80,1008
1096,3391
1969,2969
2704,3395
2038,1200
3623,3250
2609,736
555,1952
1917,364
2043,997
2303,2959
3942,3076
1951,3661
2428,3111
3517,247
2383,3799
1633,1584
2798,2049
2969,537
2525,238
3952,2957
3851,1548
116,2385
131,3814
1580,2053
912,1443
808,691
745,2725
1609,1640
2319,2448
1468,1993
3246,950
2135,3576
811,1375
2774,2950
3118,2335
3795,612
1777,3805
504,3595
1108,3698
1641,1152
1885,3907
1886,1783
3446,2895
3474,3019
3103,1554
1787,3503
379,3774
434,3888
3424,3016
62,848
3058,2014
1874,1780
1370,975
23,3454
3454,2383
2178,2333
692,2747
3881,791
3305,2110
3982,3754
1474,3500
2606,3126
3123,2392
1359,864
2921,3757
802,1507
1032,2728
3818,676
73,3462
2575,3988
26,763
1909,111
574,1168
141,412
619,104
3563,3911
1655,1834
467,3631
2681,3580
1983,3298
3073,362
3909,2575
1384,3261
3320,1992
1657,2796
2281,610
1049,2536
1899,2635
1726,584
3415,2203
1031,2899
112,3935
250,3549
1264,3854
3143,390
3214,2804
1129,10
2551,241
3892,716
2062,2673
1362,2844
3089,3223
1264,3101
1290,24
1028,3489
2316,3867
135,1756
477,1087
1118,3817
2578,730
793,3525
767,2694
543,3248
1304,1466
645,3573
1159,553
3072,128
9,2681
3485,2899
3300,866
955,1940
910,1044
946,3146
301,2928
3870,557
3761,673
1004,1166
3055,953
3092,2514
3641,364
2879,2344
1625,435
2894,3978
1925,161
3842,425
3962,469
3262,3111
2075,2830
3869,1437
2420,3829
1473,1483
2222,169
3585,2153
3955,1950
3920,3138
2512,3301
1266,815
2054,1951
535,2205
2223,2153
3126,1425
3843,3318
561,196
3229,2869
3166,597
3605,3142
2861,3924
1712,2172
892,1145
2327,200
861,3280
3611,1648
1960,1568
1719,14
3879,1873
1547,2339
85,1220
1953,43
332,3113
2218,1615
1967,3196
3230,145
1003,647
2485,3068
2368,2962
3023,2317
1130,991
3990,1506
3670,2766
2753,3985
1056,779
816,1702
646,2866
748,3930
2796,215
128,3778
2174,2262
2282,3108
2948,2963
3829,3343
1123,1600
1327,2456
1643,1521
3544,342
358,276
3144,3459
3956,816
3122,508
2947,69
150,1212
2703,2899
3976,1316
2111,3456
333,1655
1220,658
3653,1403
259,2706
2805,3764
489,2311
2863,566
376,3238
290,2652
2432,1588
1537,936
2197,1697
3796,2952
3782,620
316,847
2153,703
510,2703
137,3747
389,1753
1036,2413
2352,199
470,3175
860,1240
2082,1433
3599,282
1865,1646
1832,2578
3722,2733
3363,3511
439,3911
864,902
805,3276
612,3171
1740,2891
1145,3795
3077,3690
2546,3523
3511,163
1268,2009
426,3514
2200,1374
3639,2150
1212,1718
1320,1062
988,807
3644,1793
3455,3911
71,1439
778,68
1975,2387
2711,3921
2260,2702
3656,3451
21,3534
2641,2287
3651,2342
3388,1408
212,2273
1039,573
3981,2443
1314,2397
598,1823
1503,1369
3603,2109
1179,2876
2368,2114
1427,3064
3678,1532
2504,592
1831,2989
2035,1077
2949,3686
668,1219
1293,3544
1532,188
3864,1715
3135,3628
2229,1666
1139,2634
3045,2714
1532,2561
1227,3634
2742,2061
2566,3698
813,428
1838,795
774,1951
266,1073
214,3228
3453,3629
3566,1195
1134,3002
2201,3833
201,3257
2332,2848
1005,674
542,3497
609,521
2796,1033
710,670
1225,2401
3722,1749
856,3104
796,863
2822,1188
107,3757
2125,3312
2615,147
1616,2384
2129,3979
1459,2941
2878,2809
285,892
1994,3085
3215,534
3468,3274
613,1351
2408,3814
2475,993
2486,1529
797,2378
639,2264
1129,1062
2291,931
2133,704
3866,939
2772,2766
3395,918
903,2597
3856,2606
424,3005
3846,3505
2077,3293
1547,1619
1580,1973
1355,582
3717,136
2707,3361
3636,276
1574,277
375,3152
2143,964
3968,1473
2763,597
3432,761
1501,3299
2257,2751
2215,667
1537,841
2163,249
893,2964
1429,1412
2227,3416
96,92
360,1953
1491,2812
3859,3492
1472,588
3071,1366
2061,2005
3790,3997
1950,2212
1525,314
1965,2600
717,2957
907,642
2874,885
1375,2489
403,897
3019,3358
2088,1977
2432,2485
3531,2052
2237,3001
1820,1751
965,530
2002,2049
2756,1759
557,69
2326,1759
3935,2454
2590,3964
1648,321
1433,2311
1073,641
811,3926
1531,1909
1783,3093
3958,2988
1490,233
1191,3410
3388,1711
2827,251
2736,1302
622,489
1829,151
1653,14
2782,438
1956,98
3564,623
3257,1800
275,870
1912,2466
2693,1328
1804,3207
13,1965
291,2046
1395,1668
738,1026
714,2275
2817,1532
2150,2941
996,2535
1254,1776
50,3433
3566,2448
794,2734
2018,1855
3924,1555
156,3471
1956,2068
855,487
1337,2862
3767,1120
3511,1647
3099,1183
3642,1457
2826,3692
3360,581
2664,2773
410,3814
2361,1466
154,2677
959,614
1454,223
3515,462
1038,319
3264,2926
3733,2217
61,1161
3686,1031
3331,882
1505,761
2844,2804
1734,778
3434,3094
64,1758
2043,3446
3661,3303
874,1236
596,1768
1527,2730
763,919
3338,2256
3733,249
3531,3524
2037,1270
1012,2166
2681,235
3670,3115
1868,1868
1636,3115
1722,2437
775,1455
3710,2144
2787,1974
2791,2334
700,3204
2775,707
268,3375
640,3112
35,3196
2889,540
1695,2181
1817,1441
3793,1662
2178,2793
2927,373
364,3947
2534,2372
1552,1043
67,3932
12,1470
1090,3978
3923,3469
2335,1272
3807,88
1293,1793
1130,150
1974,2726
3264,155
1092,3756
2836,2977
1986,1790
3730,3302
2641,1642
755,3676
3639,1386
2855,2882
2851,2566
172,2808
1118,1375
1907,3946
3836,1693
1261,2195
325,505
138,3212
2721,2553
1014,881
3112,2448
3307,1111
3688,3388
1977,3809
2679,3479
2127,779
2512,1147
2540,3463
2582,907
2484,902
3171,3003
3068,1867
3493,1944
3473,3729
544,1938
810,1049
2262,1850
3448,2377
3886,2436
2903,797
3560,2390
1991,3019
2681,2426
112,2902
2488,2102
3256,2117
2817,321
3768,602
1386,222
1298,2712
2901,2764
3404,2208
2326,340
476,2907
3631,3028
3455,2212
626,1700
2458,2964
731,3223
1239,1310
3396,3160
257,2377
3541,2135
3597,3047
2859,3669
587,2454
3263,383
1530,2454
3805,3664
366,2936
1101,1654
2595,2071
1531,403
3914,2679
483,4
538,1865
781,680
2012,2599
1858,3508
3400,1993
3136,753
2925,1569
2600,88
2914,1400
2462,673
1611,2336
575,1026
789,898
2728,3813
2637,3187
2718,3452
2521,2849
1556,1495
565,1094
1365,1062
3222,1437
3454,2069
2996,1741
1031,427
3239,2913
2674,3763
2080,3837
2687,551
2695,719
2175,1124
2204,3735
3729,3876
1988,1603
3933,1140
2629,2387
944,3208
3503,2538
3642,3264
2135,2705
2634,979
3752,285
3128,2339
3668,1187
2085,3191
3236,1771
1559,3616
1653,2212
2766,2038
1297,3132
1979,1643
3554,2334
2628,649
1063,287
2614,3416
2858,2399
3792,476
897,1768
289,1662
1692,728
3236,1328
533,2777
1509,1003
1956,1184
2243,2808
242,341
2365,1336
3731,745
914,1705
3298,2813
2858,3818
3955,1788
574,3344
2672,564
3396,479
1550,1707
2738,3133
600,2699
1137,828
2080,2530
3882,792
351,768
1195,2040
389,2276
3618,3476
3423,107
3538,3606
1100,2235
2378,796
3481,3389
129,1674
2855,1856
783,1619
969,2906
1259,1410
2714,1640
3718,111
3909,3992
1100,1109
3243,1981
2955,2596
2780,1455
376,3621
727,619
785,3972
3039,760
1670,629
295,620
1391,3785
2605,1376
2707,2844
2416,3464
1511,3158
1004,2012
997,2732
3253,1932
692,784
2169,3505
943,3903
2915,3821
2061,2851
603,2128
2059,3285
3071,1357
1335,2615
3415,1307
2674,3096
1742,3773
3028,3664
2115,750
3472,94
3951,993
2535,1840
584,3598
3519,1339
1951,2020
218,3571
981,704
339,1513
102,1210
279,3871
1654,201
1030,3808
3338,3449
1495,3328
3911,3033
251,2532
2056,2826
925,2302
1536,3436
3596,2900
70,2297
2770,1879
3751,2338
2935,3143
2833,454
3753,1261
2584,1128
3414,2323
1956,3631
1866,219
3616,2564
1895,234
1552,3983
3255,2777
1523,338
1162,2007
2138,2493
1989,28
595,502
1681,3045
3219,1848
3806,1338
2762,3299
1984,368
1726,3156
429,3242
1665,3509
3873,2911
3993,3755
1822,2069
953,3510
3666,1952
326,153
3386,728
1364,3244
1853,756
238,2137
3829,2354
1608,2183
498,1330
574,1749
1157,15
3156,212
2034,1983
2887,488
3035,1853
1341,547
1550,1686
1248,1983
1069,3695
3694,1883
1431,2651
368,717
1584,2786
1016,1334
2924,191
348,2152
3457,2433
1760,630
3274,455
2304,2235
2176,3823
226,2399
3490,1930
3949,964
114,1256
2421,2461
253,2176
1124,2036
3763,1427
1693,3442
2833,3789
70,838
220,2190
3230,1553
3801,2370
978,526
1265,1814
3781,1529
3902,3640
3060,217
777,1312
222,1862
2598,2661
427,2794
1334,2390
3113,3287
2997,2064
2135,1247
2826,619
628,375
920,1639
1887,3670
2524,3681
1085,353
3996,2735
1575,361
3461,838
985,2101
3602,2310
1531,288
2126,329
2772,895
2815,112
9,1522
3294,2377
2439,2865
2179,1426
3363,3181
2811,3549
217,2026
2845,2915
3182,1993
2989,116
3878,2122
935,478
1493,547
2227,3984
1445,2852
2077,1898
1670,1436
2945,315
2634,1527
2360,614
1130,811
2070,3859
3071,440
1036,2480
510,3464
2483,683
2295,18
2143,217
618,770
2589,2072
2325,103
3451,3073
497,1776
1940,3935
3275,1083
748,1856
3727,1279
1035,143
1226,3482
24,763
2370,1711
3151,1406
3571,3082
3851,1478
283,687
3288,1516
3615,2082
3229,1472
2149,1310
118,2115
2868,2701
720,2034
2409,1248
1850,1132
2849,1078
1768,3092
564,634
472,2293
1977,978
3891,2136
3223,2981
2273,2521
1134,3767
1724,2942
3079,1832
1491,95
2528,13
3355,2294
2869,487
510,2000
254,1534
124,3152
475,1485
1320,2884
1734,2122
1368,2851
1242,1365
1510,3473
2579,1746
2021,571
914,680
3973,1404
1832,2716
3653,2960
3305,3607
2369,648
3691,1126
2351,3365
1547,3309
3834,3710
158,535
1428,52
864,783
2452,1308
1421,258
7,3185
300,2321
3069,2888
28,1294
1204,403
1014,2010
2051,3721
2845,2646
1058,1273
191,1558
955,284
1134,1445
735,3975
3219,3471
213,1631
203,2249
2712,712
2496,117
623,1718
3468,2598
1397,541
482,1977
2242,817
2539,2237
2221,3854
3854,1639
3424,1199
1356,225
3945,823
281,2334
2369,2100
620,1533
40,2794
3712,2800
439,2317
3901,156
3330,2444
1158,679
3209,40
3996,495
2378,3906
1105,935
933,229
3922,1967
1125,983
1162,1074
1839,3761
297,2095
990,1294
1248,3674
3335,1940
481,958
3823,1336
1809,2065
485,1032
719,211
2071,2928
1142,2377
487,2790
1822,2531
1330,3880
2420,1685
1558,2360
76,2714
2601,159
2594,2978
1703,2023
2916,643
153,1134
1550,3074
3356,695
1346,2448
2207,1383
2132,617
685,2177
3348,348
3633,3957
904,1018
2756,3423
2719,2182
2542,1275
3566,2550
190,925
3979,1132
3604,2285
3886,3137
2620,293
678,2114
394,3432
3190,111
2316,3216
1179,2587
3703,699
1785,425
1872,2835
3037,2403
1258,2078
3585,2009
1504,2304
419,3067
3169,3073
2743,1655
1844,2636
548,1799
2191,1589
1150,2583
516,1375
144,2010
2899,809
3371,2302
3759,2821
2324,1383
858,559
3866,1013
3943,1016
2283,1305
3609,2628
1004,3669
3769,3402
1084,3245
1666,1500
1124,1679
1180,1937
3367,1189
1367,2310
2586,281
3140,3720
2756,2703
175,1962
3793,66
2837,3848
815,1144
1161,3791
1383,742
3812,3411
3698,3613
2448,1186
3329,432
2459,2379
2509,3861
2705,1422
1935,2850
2527,1212
1155,2581
2541,1721
3304,2920
484,985
1545,2920
2325,3577
817,2135
742,1824
3424,1349
3932,2681
650,1979
444,2401
3794,394
1733,3851
2842,3041
3412,3808
3088,1539
1569,721
3179,44
412,2633
158,2772
2957,786
797,3371
1101,154
2928,1740
3753,3418
907,1262
3012,1418
3949,3938
727,3759
3663,1876
793,3685
2226,44
763,3040
389,1638
1267,2196
2103,2927
458,2574
1314,3464
3346,1923
1294,601
3904,1115
816,2597
2657,787
2881,2405
2985,735
3333,1414
3284,3003
2545,928
1570,1220
3764,1277
1477,3759
1690,2691
3277,3150
80,2331
1442,2228
634,3072
145,1100
1668,3725
2866,3656
3819,1577
655,2288
1247,3274
647,2045
3304,2558
60,3278
3620,607
2569,2839
2288,1670
1797,3030
2312,1956
1460,1626
1614,1969
3991,1481
1383,1464
2443,925
279,2269
1729,556
1082,3370
2836,58
2645,2324
1037,3356
740,1215
2604,2684
1028,1020
3166,3329
1665,675
1262,1244
1550,20
1999,3204
1259,3169
533,2062
596,3000
2614,1998
2311,2899
3330,680
3951,645
1182,1343
2862,2948
618,1051
596,2507
2157,796
1286,441
1184,206
3834,1731
1545,2246
2317,3928
3966,412
2015,2191
1758,3554
2481,2254
1558,2743
792,863
2788,2245
2638,3497
807,2095
1582,1605
2062,1888
1369,2301
3144,3265
3956,327
173,2415
2508,3218
1423,2778
2004,2213
1604,3769
516,370
3951,1207
165,2951
1496,630
1492,2701
3567,1099
2523,3367
2309,1394
1621,3850
3124,472
1757,290
1874,329
145,2932
3565,3729
2182,2709
1447,1290
2824,2171
3415,2082
569,2838
13,1612
1958,3312
3157,3189
3354,3972
3181,1889
2885,293
1598,2745
1455,3643
2724,2778
1698,3499
268,1695
1938,1716
3865,3547
3266,2578
2232,1059
858,813
1131,1649
821,1996
269,1443
1144,1030
1745,391
3063,922
2027,3562
2347,3884
1310,2673
3565,2550
3716,2043
1984,2126
2178,1008
3641,3532
41,3839
131,2460
1891,2217
3051,30
274,1692
1279,185
2978,1197
1838,2550
1523,3668
1251,1126
1902,1437
3954,1526
1555,983
2362,641
2215,2335
1286,3417
3269,353
2038,2518
1594,113
2044,1856
539,3000
120,2352
3095,3088
2688,2623
2736,1453
683,638
1973,1408
2482,3939
1094,2275
1431,596
2129,3997
128,2082
3678,2205
2561,3528
3568,2306
450,547
1628,2137
1585,2199
2540,3918
2682,1359
2904,2507
3105,1233
3541,3942
625,3726
85,2028
3608,69
2165,1554
2249,287
3259,3603
2032,2591
1487,1026
432,447
1569,2749
306,1390
2225,2524
2872,2020
1597,468
3726,1251
3670,2071
3227,2462
1459,827
685,2453
1750,1903
1359,1510
2772,2015
663,3037
24,667
2730,1218
3719,2493
2024,3097
816,1241
3804,863
2253,2499
486,3747
207,360
2207,1093
3670,569
1565,3466
3449,681
3775,2522
3198,1039
618,1728
699,3086
2735,845
664,2623
614,321
904,1575
1660,52
344,1048
1607,1648
1786,969
1274,3981
2552,1524
1559,167
2225,514
1536,3117
1105,3378
3618,408
813,3060
2513,2276
2589,2294
905,366
376,3775
3774,3860
2974,3294
718,793
2567,1032
3432,1202
817,3550
3782,2039
770,777
2332,1505
719,3387
327,787
1353,1110
678,229
3711,2015
2254,1362
2450,421
3799,3873
1776,3891
441,1892
1328,1615
1227,1723
3853,1580
1449,1177
1206,3480
3126,961
2519,977
3263,3628
2848,172
2200,2248
2612,1904
329,3757
1143,623
391,3672
1200,847
1866,2614
3303,477
2746,1968
1865,1033
2970,3162
3135,434
3397,223
234,753
3931,248
2140,3226
1067,3693
2275,2663
3240,1224
270,2914
2682,548
1085,526
1135,3870
1182,227
377,3449
2921,435
2861,1104
2917,257
429,3528
212,3982
16,3507
190,3528
95,3723
1406,265
3681,2358
1650,2767
3247,1742
2703,355
285,1974
2407,2847
3690,226
167,2377
3849,775
1421,90
1650,1128
2142,2438
3940,2940
2770,3755
472,2283
3369,3986
47,981
163,1635
2990,1111
745,3783
1503,3234
234,3487
1674,3034
1012,394
3152,2977
376,1917
2645,1859
50,2570
222,2773
2014,1224
2972,3443
3709,2788
414,3220
3961,3722
1689,3106
125,2075
1969,960
3558,3342
644,239
2846,757
1243,682
3619,3390
361,3055
951,3901
3161,3851
869,3987
1980,1192
3432,3692
43,2659
1917,2952
2068,2795
1770,2865
3274,3438
1279,2493
2434,798
3514,926
3377,517
3915,3784
1871,215
1057,746
2438,2401
3971,2667
2116,2768
2884,454
3968,2291
47,3629
2802,826
119,1887
1376,207
1619,3716
3322,2338
1246,14
2351,632
1988,3733
1952,2405
2160,2886
3870,670
814,2041
2533,1630
2354,1720
259,3408
1718,3826
877,2028
604,2941
165,547
1409,896
663,2646
37,1550
126,2400
274,3667
168,3521
2993,2993
255,1411
711,1654
3443,41
2032,1236
3054,3268
1363,3849
1053,2869
1140,1338
307,1530
1007,717
3274,542
1554,3501
3925,1043
1560,360
2378,1896
3963,3012
1237,234
2585,3207
1126,436
1601,2741
2076,3874
3166,3731
1610,2839
1807,3994
4000,1372
2913,205
1584,3958
879,3268
2309,2135
1851,1646
1472,2465
1880,3098
2569,804
1846,3217
2428,37
2118,3830
162,762
2407,2265
3209,1058
2214,210
337,2076
2176,1176
475,93
612,1603
2151,546
2112,2601
1346,556
2080,1505
132,957
2642,1738
1865,220
1560,549
3492,100
818,383
3261,3835
1523,1096
776,1651
1099,284
631,611
1855,1415
3348,646
1891,1942
662,3466
709,3695
176,2791
3298,3399
3365,665
3576,862
146,2951
3699,2815
3645,5
388,1085
603,2534
2832,439
1491,14
2827,3080
2150,1845
3876,2006
339,70
1807,3038
2376,823
2296,2950
1315,358
2555,479
1465,3465
2331,3422
2406,326
3309,736
1080,1861
3700,455
2727,1901
2452,3024
3605,2898
2384,3580
1361,3319
1694,3694
1288,642
411,903
39,1141
2919,273
3792,1270
920,633
3257,485
2368,2947
2964,813
3768,144
2253,2371
1344,2370
2871,3998
3567,2585
2536,3687
1712,3853
2984,2332
2279,2062
1905,299
3597,1191
2243,3771
273,2780
1642,3847
3183,3929
2630,311
3826,1419
2566,3136
3380,791
2659,17
1002,2415
1124,941
3773,2289
2970,2794
2911,319
3258,3374
294,555
75,2741
3602,1921
46,267
1664,628
1712,258
2778,2818
1250,1146
161,64
3865,2671
2977,3176
2849,1128
2442,1646
106,908
3102,308
3726,3138
789,472
606,3566
319,1400
747,1061
1775,1311
1302,1902
2723,2281
2569,2447
2191,912
3349,1347
2700,664
3179,1005
1177,373
1927,3627
2636,3737
328,367
2921,1365
3467,3374
3877,1562
3406,2524
991,3844
1360,2543
3396,2964
402,3256
1736,2024
3857,2758
2840,1623
741,3846
2930,2729
2420,1612
765,1964
3390,3835
2463,891
2596,153
3742,3445
3313,1152
3723,631
3325,3258
887,1395
3347,3321
2390,2668
3571,326
1376,1382
3359,1016
3278,3174
2681,1240
3252,1915
2072,1969
3996,866
2709,2894
573,1528
1641,3790
1270,3562
923,2378
3,2153
3016,8
619,1057
2783,1667
1228,441
2085,3658
2769,3945
1245,271
3672,2667
509,1330
959,386
228,257
650,1619
3799,3793
70,636
2459,2987
3991,3867
762,2253
1412,2890
2909,3170
1188,3451
1253,3257
1106,76
2724,993
3677,3339
3348,3783
3780,110
1557,631
1571,711
3138,383
3706,2416
1926,1539
3356,283
963,2128
2232,942
552,1822
154,558
1554,2481
50,3513
3532,2955
3553,2337
2537,3671
2797,552
1141,60
2534,1680
3873,2442
903,3369
1628,415
1232,597
98,3853
990,1189
1797,2845
2399,11
3446,3892
2829,2584
940,3947
28,3122
1120,2377
329,1739
1009,1669
3492,1244
435,2125
1629,2285
724,588
3838,926
2207,821
2476,3248
2512,1249
3718,2852
214,583
1068,2466
2811,1961
154,897
3624,3690
2453,1798
442,2856
3691,3980
2157,548
2638,2314
1393,200
3875,3927
3619,1472
908,361
2852,1172
1413,1475
1390,3228
224,299
3798,2281
1998,3904
3481,2437
3265,684
1668,3110
3140,3598
451,894
510,2297
12,2269
1776,601
906,568
1615,1156
229,1607
1969,275
1865,2488
3837,3677
345,1034
1173,52
2861,2399
1239,1280
2307,3537
503,1534
2863,2683
3410,1525
912,3994
21,3694
2689,3905
1060,1528
3520,3134
2875,2432
1229,3182
3074,456
3197,2154
914,667
3721,3829
684,1780
971,1428
2885,2043
3179,3516
3983,3162
375,484
2897,343
1984,1236
566,2539
727,1397
94,412
152,1558
3505,1498
3496,2022
1788,2566
1075,3511
3119,430
262,2723
3580,2124
3792,3166
1511,788
3309,320
868,557
2086,190
1095,3060
572,1168
1081,899
1054,3357
924,3217
798,94
2054,3815
3220,529
949,562
2428,405
1128,1563
234,2633
755,3786
1755,3694
787,652
177,3110
3927,3310
3525,3898
2138,2851
1838,1172
1032,2567
1429,2064
2620,1693
742,1093
1991,3730
1008,741
3269,2974
2607,1279
75,1891
998,2394
2639,899
2173,3394
1580,2102
2844,3347
324,3045
1660,3526
1021,1371
1926,3852
1673,521
2567,2493
1575,2699
2863,551
3265,774
292,2495
1612,555
1381,25
2790,3963
1522,3684
1459,917
1749,1669
1617,23
1893,1425
3161,1905
1695,2958
2197,2348
3822,906
2529,3408
2381,3173
3460,650
589,3363
3772,1712
1609,1454
3110,3934
2455,3495
524,1868
297,1526
2347,592
972,3151
550,3896
2158,3969
1924,3120
2571,3031
616,1100
2048,2472
2254,769
3691,3252
711,1827
2949,1102
2704,841
2837,2114
3544,3280
3575,2391
3923,3209
2499,866
3488,3370
1635,2777
892,419
638,269
2454,198
2235,751
3325,2147
1408,2355
1347,2426
3836,1049
716,2968
3205,1760
3600,643
3273,1885
205,936
1235,1358
3489,3266
513,3685
2133,2007
3713,191
1967,240
702,926
3367,2006
2457,3065
805,3814
3557,521
3497,2356
3607,1367
2512,1167
1533,3459
3787,152
725,2695
1934,1648
2350,406
247,736
2496,1559
889,3946
3855,90
1439,481
1270,2906
2060,273
2164,553
3690,2673
3316,367
2510,888
765,1999
354,3574
1166,3007
1189,471
3987,492
509,926
3216,1927
1939,3116
2079,1781
3400,10
2289,3350
1869,1631
1314,3350
3056,1457
2368,2767
918,93
697,264
1772,3035
2909,1750
1766,3238
1748,2044
1509,2067
3781,2086
876,2404
2005,3720
2453,3480
635,3724
1810,3796
1123,153
3781,3097
912,2668
3261,1225
1037,2635
3875,3966
1234,2448
2022,1514
160,1111
242,1658
2619,3571
1083,2439
1620,309
1114,3162
298,3308
2266,3254
1388,3393
3077,3189
458,521
3181,560
86,2785
1873,1526
3988,3381
1632,1117
3040,338
3470,1390
1039,188
1994,3274
864,363
2146,3189
609,955
2139,67
1418,1003
707,1221
2363,2239
2113,2336
2495,685
2682,2996
1374,3133
1791,2710
852,405
1255,3422
1871,1039
1355,3609
3419,2594
1237,500
1380,1797
15,3341
3232,3798
2261,776
341,568
1200,3428
748,1805
1236,1598
2915,2143
1773,2163
3430,321
3699,575
530,3060
2286,2724
211,334
427,997
2679,3030
1137,3267
455,1135
3389,416
2817,2706
2021,273
3184,3323
2216,3922
2774,2556
3680,265
1302,88
3487,81
2338,152
2755,2708
2443,1900
2010,2187
1086,1971
2067,3841
2574,3415
382,2562
3915,3348
1079,2955
1886,2625
3529,504
2657,3551
2077,104
537,2695
1580,3903
3242,3859
3065,520
3411,2678
1700,2731
1535,3455
2191,732
3987,2330
3990,3054
1883,1339
2582,1366
2952,168
10,71
532,1974
409,3360
253,672
2936,855
2197,1614
2083,166
1260,3486
638,2482
1683,3503
2253,3616
2556,1473
2184,2020
3191,1045
829,3599
173,3890
2597,2019
3710,1822
1980,3616
1391,902
219,2030
3949,3098
1446,3849
237,852
2676,2446
1058,2224
2436,2257
91,1808
957,1602
3770,388
887,192
1082,1971
2899,1392
298,2650
3302,3834
112,1205
1566,1838
1906,1119
2537,1262
2014,1924
2348,2561
602,921
3311,1234
1701,1156
1434,3712
2205,1135
1724,3965
2137,3226
2673,3190
777,837
2509,3200
2479,1693
2973,1271
974,2306
1182,3163
641,76
3882,1962
850,311
399,3067
1115,1659
339,1390
245,1987
1267,317
1095,116
2516,3995
435,1954
295,2195
569,3563
503,2207
3783,2368
488,2820
2792,1614
2795,3078
3507,2229
1033,2533
1811,1936
748,2634
3898,1864
431,7
2112,3785
3471,2959
1468,3656
2077,3080
3822,1066
660,3181
382,1437
3971,3943
484,1321
2772,1096
1661,3445
3700,2451
743,34
1294,1776
1811,3133
2774,3557
3993,847
1760,957
1975,3667
1532,1360
3686,3770
887,3989
1894,1711
2828,3751
291,3317
3408,2780
55,1237
2859,3592
2375,653
549,2178
632,1106
3511,3516
39,879
1832,3281
696,3559
872,3175
610,139
1548,2015
1192,1522
2478,3184
2901,796
821,831
2084,2993
848,3498
811,2249
3985,3484
3401,704
218,3306
3960,2619
3528,3578
2503,1549
3303,788
872,3471
3860,286
2067,66
1282,2781
578,833
3227,3243
346,1482
1725,2821
371,3191
2979,1475
63,3678
1232,3456
1741,1534
3183,3548
2574,3053
894,3548
3350,2347
1710,3978
1778,1073
2393,28
119,3209
3310,514
3655,487
4000,2082
1025,1826
1382,2722
2241,3586
1724,2941
3436,767
2145,89
3536,3512
2767,2137
568,1443
165,1674
3106,1894
213,56
2159,1479
829,3537
1187,838
3616,2890
669,448
2212,2761
914,1869
751,601
825,1602
1831,3162
1893,1069
3046,3608
585,318
149,1092
2305,891
394,3080
2437,3610
3838,3096
2837,180
2314,615
3646,2837
1466,84
893,3469
194,1662
1565,815
1195,2179
253,3865
319,827
2210,858
1340,2228
1883,3601
3765,1674
1104,3121
3764,579
2419,2746
3896,40
1312,1140
2748,3233
3177,3721
2392,557
1441,3224
707,2457
1452,1656
1498,3187
3880,2677
2145,3461
1028,3307
63,3643
2745,2228
580,1185
1080,2094
2311,1153
103,522
499,2718
987,3526
1127,3680
2948,2399
1519,7
2502,3223
3272,2740
1657,1400
2916,1825
1336,56
3753,1276
1519,1727
1437,113
1445,817
1550,2265
1601,736
444,3116
2323,2402
3738,3920
3443,3071
1266,2086
1076,3829
726,3764
428,1846
3154,542
1383,318
2348,3597
1100,673
569,284
903,2198
2406,2705
2907,1535
1997,525
2181,2472
1486,1598
411,2650
698,2929
1988,821
2745,1309
3672,1384
648,985
3892,2216
2368,831
2971,1075
1485,1160
2724,3763
730,1988
2305,3231
691,3362
1800,3877
1522,526
1866,3463
2308,3073
590,507
2872,1729
1677,230
3763,2781
2610,1356
3261,1627
1650,1159
559,3199
2656,3898
2665,2943
2918,7
972,1284
1372,989
1383,541
1464,1039
3562,562
1719,216
192,3113
111,3191
2104,1851
30,505
3283,1252
1381,2318
1877,1154
715,3745
2717,1204
2671,3669
2186,583
1066,3420
281,1612
3925,2310
56,3553
3677,30
3142,2766
2487,2211
513,1047
1153,1080
1854,3792
2728,2733
2890,3465
637,1345
2615,3109
2406,1580
429,879
2753,504
2789,2081
1864,1434
930,3511
1729,471
3672,1805
1225,1764
3441,654
1410,1468
641,3471
337,2164
1506,1818
3185,2383
2149,537
3050,1279
1460,2232
2441,1906
1562,214
3160,2102
2008,554
3417,1645
2824,63
812,187
516,2608
3525,1537
235,1366
553,2506
2634,2683
104,2995
1912,2746
3078,3945
3160,3229
3899,1485
2569,883
2244,2643
2656,3027
3711,1980
927,3093
3661,3039
3818,3693
1894,2069
1699,3410
348,2971
1965,327
3881,746
2946,2475
235,2656
1761,3943
1022,3303
1480,2576
3449,1087
3325,2885
1475,2706
673,3352
2325,352
2004,3966
2220,2922
686,3554
3790,1074
2863,350
3570,710
320,160
1685,3714
2748,3533
2317,3803
3550,301
2985,1735
2230,1114
7,236
598,593
3545,3097
335,3769
889,2447
1053,3457
3277,1501
3731,3979
675,773
1617,1518
2408,890
821,1678
323,2501
489,3277
1511,2222
1286,2107
3192,1172
1053,13
599,835
3267,927
1263,998
486,3501
942,734
2938,2532
3225,2061
1376,661
3714,675
995,2927
1428,3835
1950,64
2396,27
1913,1931
996,2970
3677,1772
2125,1877
2215,2589
3967,3249
1588,2116
1269,235
2311,1596
1881,1696
2219,557
2924,2654
3342,1633
1065,137
2622,3648
3674,1485
1512,155
3178,184
2546,1674
3917,774
2545,932
1362,3342
3705,2786
3669,3268
1848,1006
2447,3911
2271,266
895,384
146,3646
2549,722
1059,938
3287,816
1710,147
2987,1620
2247,566
433,774
2819,573
99,2221
1904,3411
1656,3814
218,3603
2526,2969
271,1728
3893,3185
480,1941
282,2181
1535,682
1178,3530
764,2526
490,1457
2868,2497
345,3799
3664,426
24,450
2180,878
2853,3827
2747,2132
3414,1892
1681,2855
1289,1663
2556,160
3818,3366
2115,3847
1928,3449
3843,2999
3611,1828
1656,1261
1880,1664
3842,2947
1920,1846
261,2096
3380,3841
850,1774
3973,2452
1358,1883
491,2777
1092,1374
1701,1448
1747,1395
1849,3214
869,2931
1213,2953
309,3779
3616,1438
1057,396
3998,1592
638,1004
3227,2345
650,3412
1087,2260
1822,301
781,672
2142,2732
963,896
1253,1081
747,2249
1736,627
1691,1819
2442,215
3411,2809
642,443
480,354
99,2221
1407,1426
2064,258
1479,2160
1726,399
1061,51
1603,1388
3232,1455
1512,1523
496,3279
1810,3988
1870,2700
1337,719
96,3330
1164,2309
2244,1264
1107,661
1848,2577
205,3841
3268,326
1504,263
870,1102
1690,3932
1712,2915
594,2931
2957,2084
948,1532
3502,1360
3857,1960
18,3124
81,3331
589,1279
1054,170
1902,251
3373,3159
1436,3960
1511,3337
2386,1949
1012,3646
2930,1719
2469,2113
3482,3425
1495,3451
1104,771
1317,848
3105,3558
1082,2258
293,1377
1431,1098
329,1212
1118,651
3005,152
3935,1607
1962,61
2291,2718
115,343
2336,1460
3774,1366
697,3140
3327,1609
36,3246
1784,2246
2085,1020
2226,1449
2858,136
1072,3275
1344,1010
3520,2312
2959,2729
2088,1087
338,3263
3662,2803
1355,620
322,507
2669,339
783,364
641,825
1279,1156
443,3305
345,1779
73,820
1320,2833
1294,1018
82,574
2202,2617
139,1839
781,2571
802,1166
1556,2424
409,976
3075,2970
957,1923
3650,2574
3736,1581
3917,3516
1420,1858
803,3539
1480,1229
935,3683
3728,405
3114,759
2994,2286
3612,162
1300,444
3787,1700
2108,3290
1276,2080
3003,2025
1911,2537
750,392
2629,2074
2278,2635
2537,247
488,3688
993,2502
2619,1349
3879,40
19,2520
1427,780
3586,300
411,2421
3375,2560
3557,2922
2871,1689
3719,1139
2025,1149
287,1287
1541,768
1282,2308
3827,114
3718,3715
574,1003
3740,221
1689,710
3983,3702
1910,3192
2352,1186
64,1351
2710,1999
2014,3647
279,3547
1580,3248
571,2231
475,480
1686,1964
3207,2011
1654,3148
2412,2064
442,2161
2975,1216
3031,3471
2097,2191
608,2574
3867,1058
1704,635
3051,3958
977,3398
676,643
3875,453
786,1722
99,2095
1110,1932
2107,548
1061,3264
3402,710
2919,730
2969,1719
1919,3480
2765,2301
2699,1340
3181,3595
255,1006
3798,1776
272,3620
2544,3467
3829,3438
2313,355
3636,1159
2256,1930
1210,3946
2581,368
650,2875
935,3009
3713,3741
154,1466
2792,234
1197,2118
2072,1740
3733,308
3914,1463
2129,3808
2979,1729
2393,2080
3867,1388
2632,2062
2248,1066
1353,2296
1589,2853
2220,3162
469,110
1122,2021
2503,3605
3586,348
1982,540
1730,795
2993,3292
1552,2283
3992,3211
1403,912
2759,1612
3623,1909
3626,2054
1634,76
1058,155
738,3015
2023,1775
2770,1246
1577,2462
2851,2711
1221,544
3374,2913
1284,626
671,2387
219,602
2856,2020
2627,3459
447,2089
887,1407
821,1738
441,3906
2834,84
3756,1903
329,1939
1165,3520
1707,1913
3170,3074
552,3706
3402,2783
1041,1307
2682,1345
1865,3022
216,3584
2221,2507
2516,2997
608,2271
2562,2524
1879,594
1235,1261
2828,1484
1687,3427
82,2527
1174,1975
1959,2719
789,2856
3808,1726
901,1877
758,909
3968,72
462,3096
219,2007
1531,3183
2078,2693
3800,2409
2854,3351
3041,2913
2332,804
1630,1689
2266,2960
267,2804
3447,3066
1555,760
848,2463
2792,945
2451,2108
1921,3804
2683,227
1120,3891
318,488
3843,2346
2908,2019
1835,182
272,701
3437,1722
854,1465
2385,2076
3205,389
1042,1822
1090,111
789,2662
3512,879
3960,28
2796,1268
3936,3079
1733,697
3368,918
3564,201
2456,1024
2721,3008
2724,3634
2286,729
3582,3067
423,2548
3,2224
3739,247
2596,1236
1267,3890
1194,3623
951,2172
3576,1013
2034,196
151,1853
466,2537
2102,2769
2830,180
3901,3215
3508,1963
871,1212
3399,2606
1282,2065
1691,2395
2197,445
963,3944
705,2337
372,2306
3852,1289
3258,2609
3199,3373
2662,1338
3969,3135
3284,1199
156,301
1077,2679
2387,3997
1793,3346
439,114
2635,1217
3787,603
2995,203
3401,1618
244,9
376,1106
3047,997
2942,3866
814,898
3285,2100
184,2891
841,3119
1100,544
1215,748
766,2467
3452,3154
3395,677
1604,3277
1032,3100
513,768
514,3058
999,1983
1974,3515
2781,1556
2005,2744
3804,1838
2787,2416
3612,3114
1192,1324
1468,3791
2990,245
3645,1599
1437,2671
150,1741
2604,1438
149,1652
1383,138
3448,301
3797,972
3446,1589
2259,1243
1271,3978
1802,1627
427,832
165,180
684,699
754,211
594,3433
889,620
1005,3036
1433,3385
352,2341
1519,2099
2917,899
1129,2527
1037,1545
1448,3786
1708,1447
97,3343
3524,120
441,3248
1435,796
1164,2653
532,3484
3590,2474
1151,67
2107,2445
690,1580
2920,1456
864,537
1697,3702
2185,3170
111,2241
3690,875
1555,2920
1975,1797
794,1784
3865,778
894,1032
1561,3156
1600,700
1260,2582
1404,242
1986,3875
1010,3102
1213,3280
2685,3346
199,2783
2358,3353
2744,927
467,2265
978,1743
3489,833
3322,385
605,871
3062,3541
2828,2193
447,1022
3982,2139
225,2139
1191,2588
2015,349
3446,1984
2310,1994
203,3089
1195,629
3540,1842
1976,1791
108,2812
484,1240
3524,887
3299,3670
1682,854
1097,1143
3201,3987
1622,593
1202,724
3836,3361
2819,118
2610,2914
339,682
3641,850
858,3629
3590,997
1155,2912
132,3352
1570,3414
1733,1097
1801,629
283,91
1712,404
2330,3272
3821,45
1551,3338
1112,381
3493,1920
1589,840
1295,3068
3977,216
310,1578
72,2227
1199,1190
3728,2083
3595,3398
2635,1028
2298,882
2097,3109
1980,3336
551,124
3329,1754
1474,2633
285,1783
3366,1797
795,2377
3544,473
3532,2139
2013,3441
1564,3328
1127,1223
1881,773
844,1469
2124,59
1840,2293
2890,3647
3807,2536
1501,2159
1783,3000
2774,2239
1131,1068
1871,2549
2896,1446
463,2497
1648,3399
1591,2757
3193,2541
316,2150
2860,2720
1680,2803
2497,554
354,2032
2909,2405
814,3491
2471,856
1190,2846
3,3020
1578,2815
3346,277
953,3435
3542,182
1444,1379
2665,1799
2352,1440
2587,1417
969,1523
1798,2009
226,3706
2546,160
3563,1166
1589,2890
2334,1240
809,3657
1823,1857
2538,3518
17,3310
1982,1215
2724,1105
740,3686
594,1028
1630,2363
3718,2645
2516,2858
3187,114
271,1652
3105,2253
395,2520
3460,1879
1161,660
2436,2592
10,169
2664,3177
2720,1530
2631,2019
2840,2438
3747,193
369,401
415,2889
2423,2390
3532,957
879,3768
1965,3692
2200,438
3068,1310
3461,1451
551,2855
601,2435
1012,1243
2821,3518
1683,2103
3782,1882
1961,51
2775,3281
3816,1290
593,2487
3451,414
81,3994
3637,435
3435,3097
454,2915
1942,2028
1233,1110
944,184
866,1504
938,687
1042,897
2898,3316
2462,2704
1989,3960
1783,2549
3296,3166
529,1457
3960,761
3751,2031
2185,1763
1646,3619
1144,758
837,2853
970,2388
1312,2271
1350,1847
3526,3728
1094,2695
3685,3427
1941,3306
2025,762
3953,1083
1663,1597
2125,23
3160,2501
1851,3166
494,2558
3867,2094
3846,3643
1615,1099
3620,2542
1817,1576
3471,3585
459,3347
3789,1040
203,3374
304,2690
1894,2875
1,1
2,2
3,3
4,4
5,5
6,6
7,7
8,8
9,9
10,10
11,11
12,12
13,13
14,14
15,15
16,16
17,17
18,18
19,19
20,20
21,21
22,22
23,23
24,24
25,25
26,26
27,27
28,28
29,29
30,30
31,31
32,32
33,33
34,34
35,35
36,36
37,37
38,38
39,39
40,40
41,41
42,42
43,43
44,44
45,45
46,46
47,47
48,48
49,49
50,50
51,51
52,52
53,53
54,54
55,55
56,56
57,57
58,58
59,59
60,60
61,61
62,62
63,63
64,64
65,65
66,66
67,67
68,68
69,69
70,70
71,71
72,72
73,73
74,74
75,75
76,76
77,77
78,78
79,79
80,80
81,81
82,82
83,83
84,84
85,85
86,86
87,87
88,88
89,89
90,90
91,91
92,92
93,93
94,94
95,95
96,96
97,97
98,98
99,99
100,100
101,101
102,102
103,103
104,104
105,105
106,106
107,107
108,108
109,109
110,110
111,111
112,112
113,113
114,114
115,115
116,116
117,117
118,118
119,119
120,120
121,121
122,122
123,123
124,124
125,125
126,126
127,127
128,128
129,129
130,130
131,131
132,132
133,133
134,134
135,135
136,136
137,137
138,138
139,139
140,140
141,141
142,142
143,143
144,144
145,145
146,146
147,147
148,148
149,149
150,150
151,151
152,152
153,153
154,154
155,155
156,156
157,157
158,158
159,159
160,160
161,161
162,162
163,163
164,164
165,165
166,166
167,167
168,168
169,169
170,170
171,171
172,172
173,173
174,174
175,175
176,176
177,177
178,178
179,179
180,180
181,181
182,182
183,183
184,184
185,185
186,186
187,187
188,188
189,189
190,190
191,191
192,192
193,193
194,194
195,195
196,196
197,197
198,198
199,199
200,200
201,201
202,202
203,203
204,204
205,205
206,206
207,207
208,208
209,209
210,210
211,211
212,212
213,213
214,214
215,215
216,216
217,217
218,218
219,219
220,220
221,221
222,222
223,223
224,224
225,225
226,226
227,227
228,228
229,229
230,230
231,231
232,232
233,233
234,234
235,235
236,236
237,237
238,238
239,239
240,240
241,241
242,242
243,243
244,244
245,245
246,246
247,247
248,248
249,249
250,250
251,251
252,252
253,253
254,254
255,255
256,256
257,257
258,258
259,259
260,260
261,261
262,262
263,263
264,264
265,265
266,266
267,267
268,268
269,269
270,270
271,271
272,272
273,273
274,274
275,275
276,276
277,277
278,278
279,279
280,280
281,281
282,282
283,283
284,284
285,285
286,286
287,287
288,288
289,289
290,290
291,291
292,292
293,293
294,294
295,295
296,296
297,297
298,298
299,299
300,300
301,301
302,302
303,303
304,304
305,305
306,306
307,307
308,308
309,309
310,310
311,311
312,312
313,313
314,314
315,315
316,316
317,317
318,318
319,319
320,320
321,321
322,322
323,323
324,324
325,325
326,326
327,327
328,328
329,329
330,330
331,331
332,332
333,333
334,334
335,335
336,336
337,337
338,338
339,339
340,340
341,341
342,342
343,343
344,344
345,345
346,346
347,347
348,348
349,349
350,350
351,351
352,352
353,353
354,354
355,355
356,356
357,357
358,358
359,359
360,360
361,361
362,362
363,363
364,364
365,365
366,366
367,367
368,368
369,369
370,370
371,371
372,372
373,373
374,374
375,375
376,376
377,377
378,378
379,379
380,380
381,381
382,382
383,383
384,384
385,385
386,386
387,387
388,388
389,389
390,390
391,391
392,392
393,393
394,394
395,395
396,396
397,397
398,398
399,399
400,400
401,401
402,402
403,403
404,404
405,405
406,406
407,407
408,408
409,409
410,410
411,411
412,412
413,413
414,414
415,415
416,416
417,417
418,418
419,419
420,420
421,421
422,422
423,423
424,424
425,425
426,426
427,427
428,428
429,429
430,430
431,431
432,432
433,433
434,434
435,435
436,436
437,437
438,438
439,439
440,440
441,441
442,442
443,443
444,444
445,445
446,446
447,447
448,448
449,449
450,450
451,451
452,452
453,453
454,454
455,455
456,456
457,457
458,458
459,459
460,460
461,461
462,462
463,463
464,464
465,465
466,466
467,467
468,468
469,469
470,470
471,471
472,472
473,473
474,474
475,475
476,476
477,477
478,478
479,479
480,480
481,481
482,482
483,483
484,484
485,485
486,486
487,487
488,488
489,489
490,490
491,491
492,492
493,493
494,494
495,495
496,496
497,497
498,498
499,499
500,500
501,501
502,502
503,503
504,504
505,505
506,506
507,507
508,508
509,509
510,510
511,511
512,512
513,513
514,514
515,515
516,516
517,517
518,518
519,519
520,520
521,521
522,522
523,523
524,524
525,525
526,526
527,527
528,528
529,529
530,530
531,531
532,532
533,533
534,534
535,535
536,536
537,537
538,538
539,539
540,540
541,541
542,542
543,543
544,544
545,545
546,546
547,547
548,548
549,549
550,550
551,551
552,552
553,553
554,554
555,555
556,556
557,557
558,558
559,559
560,560
561,561
562,562
563,563
564,564
565,565
566,566
567,567
568,568
569,569
570,570
571,571
572,572
573,573
574,574
575,575
576,576
577,577
578,578
579,579
580,580
581,581
582,582
583,583
584,584
585,585
586,586
587,587
588,588
589,589
590,590
591,591
592,592
593,593
594,594
595,595
596,596
597,597
598,598
599,599
600,600
601,601
602,602
603,603
604,604
605,605
606,606
607,607
608,608
609,609
610,610
611,611
612,612
613,613
614,614
615,615
616,616
617,617
618,618
619,619
620,620
621,621
622,622
623,623
624,624
625,625
626,626
627,627
628,628
629,629
630,630
631,631
632,632
633,633
634,634
635,635
636,636
637,637
638,638
639,639
640,640
641,641
642,642
643,643
644,644
645,645
646,646
647,647
648,648
649,649
650,650
651,651
652,652
653,653
654,654
655,655
656,656
657,657
658,658
659,659
660,660
661,661
662,662
663,663
664,664
665,665
666,666
667,667
668,668
669,669
670,670
671,671
672,672
673,673
674,674
675,675
676,676
677,677
678,678
679,679
680,680
681,681
682,682
683,683
684,684
685,685
686,686
687,687
688,688
689,689
690,690
691,691
692,692
693,693
694,694
695,695
696,696
697,697
698,698
699,699
700,700
701,701
702,702
703,703
704,704
705,705
706,706
707,707
708,708
709,709
710,710
711,711
712,712
713,713
714,714
715,715
716,716
717,717
718,718
719,719
720,720
721,721
722,722
723,723
724,724
725,725
726,726
727,727
728,728
729,729
730,730
731,731
732,732
733,733
734,734
735,735
736,736
737,737
738,738
739,739
740,740
741,741
742,742
743,743
744,744
745,745
746,746
747,747
748,748
749,749
750,750
751,751
752,752
753,753
754,754
755,755
756,756
757,757
758,758
759,759
760,760
761,761
762,762
763,763
764,764
765,765
766,766
767,767
768,768
769,769
770,770
771,771
772,772
773,773
774,774
775,775
776,776
777,777
778,778
779,779
780,780
781,781
782,782
783,783
784,784
785,785
786,786
787,787
788,788
789,789
790,790
791,791
792,792
793,793
794,794
795,795
796,796
797,797
798,798
799,799
800,800
801,801
802,802
803,803
804,804
805,805
806,806
807,807
808,808
809,809
810,810
811,811
812,812
813,813
814,814
815,815
816,816
817,817
818,818
819,819
820,820
821,821
822,822
823,823
824,824
825,825
826,826
827,827
828,828
829,829
830,830
831,831
832,832
833,833
834,834
835,835
836,836
837,837
838,838
839,839
840,840
841,841
842,842
843,843
844,844
845,845
846,846
847,847
848,848
849,849
850,850
851,851
852,852
853,853
854,854
855,855
856,856
857,857
858,858
859,859
860,860
861,861
862,862
863,863
864,864
865,865
866,866
867,867
868,868
869,869
870,870
871,871
872,872
873,873
874,874
875,875
876,876
877,877
878,878
879,879
880,880
881,881
882,882
883,883
884,884
885,885
886,886
887,887
888,888
889,889
890,890
891,891
892,892
893,893
894,894
895,895
896,896
897,897
898,898
899,899
900,900
901,901
902,902
903,903
904,904
905,905
906,906
907,907
908,908
909,909
910,910
911,911
912,912
913,913
914,914
915,915
916,916
917,917
918,918
919,919
920,920
921,921
922,922
923,923
924,924
925,925
926,926
927,927
928,928
929,929
930,930
931,931
932,932
933,933
934,934
935,935
936,936
937,937
938,938
939,939
940,940
941,941
942,942
943,943
944,944
945,945
946,946
947,947
948,948
949,949
950,950
951,951
952,952
953,953
954,954
955,955
956,956
957,957
958,958
959,959
960,960
961,961
962,962
963,963
964,964
965,965
966,966
967,967
968,968
969,969
970,970
971,971
972,972
973,973
974,974
975,975
976,976
977,977
978,978
979,979
980,980
981,981
982,982
983,983
984,984
985,985
986,986
987,987
988,988
989,989
990,990
991,991
992,992
993,993
994,994
995,995
996,996
997,997
998,998
999,999
1000,1000
1001,1001
1002,1002
1003,1003
1004,1004
1005,1005
1006,1006
1007,1007
1008,1008
1009,1009
1010,1010
1011,1011
1012,1012
1013,1013
1014,1014
1015,1015
1016,1016
1017,1017
1018,1018
1019,1019
1020,1020
1021,1021
1022,1022
1023,1023
1024,1024
1025,1025
1026,1026
1027,1027
1028,1028
1029,1029
1030,1030
1031,1031
1032,1032
1033,1033
1034,1034
1035,1035
1036,1036
1037,1037
1038,1038
1039,1039
1040,1040
1041,1041
1042,1042
1043,1043
1044,1044
1045,1045
1046,1046
1047,1047
1048,1048
1049,1049
1050,1050
1051,1051
1052,1052
1053,1053
1054,1054
1055,1055
1056,1056
1057,1057
1058,1058
1059,1059
1060,1060
1061,1061
1062,1062
1063,1063
1064,1064
1065,1065
1066,1066
1067,1067
1068,1068
1069,1069
1070,1070
1071,1071
1072,1072
1073,1073
1074,1074
1075,1075
1076,1076
1077,1077
1078,1078
1079,1079
1080,1080
1081,1081
1082,1082
1083,1083
1084,1084
1085,1085
1086,1086
1087,1087
1088,1088
1089,1089
1090,1090
1091,1091
1092,1092
1093,1093
1094,1094
1095,1095
1096,1096
1097,1097
1098,1098
1099,1099
1100,1100
1101,1101
1102,1102
1103,1103
1104,1104
1105,1105
1106,1106
1107,1107
1108,1108
1109,1109
1110,1110
1111,1111
1112,1112
1113,1113
1114,1114
1115,1115
1116,1116
1117,1117
1118,1118
1119,1119
1120,1120
1121,1121
1122,1122
1123,1123
1124,1124
1125,1125
1126,1126
1127,1127
1128,1128
1129,1129
1130,1130
1131,1131
1132,1132
1133,1133
1134,1134
1135,1135
1136,1136
1137,1137
1138,1138
1139,1139
1140,1140
1141,1141
1142,1142
1143,1143
1144,1144
1145,1145
1146,1146
1147,1147
1148,1148
1149,1149
1150,1150
1151,1151
1152,1152
1153,1153
1154,1154
1155,1155
1156,1156
1157,1157
1158,1158
1159,1159
1160,1160
1161,1161
1162,1162
1163,1163
1164,1164
1165,1165
1166,1166
1167,1167
1168,1168
1169,1169
1170,1170
1171,1171
1172,1172
1173,1173
1174,1174
1175,1175
1176,1176
1177,1177
1178,1178
1179,1179
1180,1180
1181,1181
1182,1182
1183,1183
1184,1184
1185,1185
1186,1186
1187,1187
1188,1188
1189,1189
1190,1190
1191,1191
1192,1192
1193,1193
1194,1194
1195,1195
1196,1196
1197,1197
1198,1198
1199,1199
1200,1200
1201,1201
1202,1202
1203,1203
1204,1204
1205,1205
1206,1206
1207,1207
1208,1208
1209,1209
1210,1210
1211,1211
1212,1212
1213,1213
1214,1214
1215,1215
1216,1216
1217,1217
1218,1218
1219,1219
1220,1220
1221,1221
1222,1222
1223,1223
1224,1224
1225,1225
1226,1226
1227,1227
1228,1228
1229,1229
1230,1230
1231,1231
1232,1232
1233,1233
1234,1234
1235,1235
1236,1236
1237,1237
1238,1238
1239,1239
1240,1240
1241,1241
1242,1242
1243,1243
1244,1244
1245,1245
1246,1246
1247,1247
1248,1248
1249,1249
1250,1250
1251,1251
1252,1252
1253,1253
1254,1254
1255,1255
1256,1256
1257,1257
1258,1258
1259,1259
1260,1260
1261,1261
1262,1262
1263,1263
1264,1264
1265,1265
1266,1266
1267,1267
1268,1268
1269,1269
1270,1270
1271,1271
1272,1272
1273,1273
1274,1274
1275,1275
1276,1276
1277,1277
1278,1278
1279,1279
1280,1280
1281,1281
1282,1282
1283,1283
1284,1284
1285,1285
1286,1286
1287,1287
1288,1288
1289,1289
1290,1290
1291,1291
1292,1292
1293,1293
1294,1294
1295,1295
1296,1296
1297,1297
1298,1298
1299,1299
1300,1300
1301,1301
1302,1302
1303,1303
1304,1304
1305,1305
1306,1306
1307,1307
1308,1308
1309,1309
1310,1310
1311,1311
1312,1312
1313,1313
1314,1314
1315,1315
1316,1316
1317,1317
1318,1318
1319,1319
1320,1320
1321,1321
1322,1322
1323,1323
1324,1324
1325,1325
1326,1326
1327,1327
1328,1328
1329,1329
1330,1330
1331,1331
1332,1332
1333,1333
1334,1334
1335,1335
1336,1336
1337,1337
1338,1338
1339,1339
1340,1340
1341,1341
1342,1342
1343,1343
1344,1344
1345,1345
1346,1346
1347,1347
1348,1348
1349,1349
1350,1350
1351,1351
1352,1352
1353,1353
1354,1354
1355,1355
1356,1356
1357,1357
1358,1358
1359,1359
1360,1360
1361,1361
1362,1362
1363,1363
1364,1364
1365,1365
1366,1366
1367,1367
1368,1368
1369,1369
1370,1370
1371,1371
1372,1372
1373,1373
1374,1374
1375,1375
1376,1376
1377,1377
1378,1378
1379,1379
1380,1380
1381,1381
1382,1382
1383,1383
1384,1384
1385,1385
1386,1386
1387,1387
1388,1388
1389,1389
1390,1390
1391,1391
1392,1392
1393,1393
1394,1394
1395,1395
1396,1396
1397,1397
1398,1398
1399,1399
1400,1400
1401,1401
1402,1402
1403,1403
1404,1404
1405,1405
1406,1406
1407,1407
1408,1408
1409,1409
1410,1410
1411,1411
1412,1412
1413,1413
1414,1414
1415,1415
1416,1416
1417,1417
1418,1418
1419,1419
1420,1420
1421,1421
1422,1422
1423,1423
1424,1424
1425,1425
1426,1426
1427,1427
1428,1428
1429,1429
1430,1430
1431,1431
1432,1432
1433,1433
1434,1434
1435,1435
1436,1436
1437,1437
1438,1438
1439,1439
1440,1440
1441,1441
1442,1442
1443,1443
1444,1444
1445,1445
1446,1446
1447,1447
1448,1448
1449,1449
1450,1450
1451,1451
1452,1452
1453,1453
1454,1454
1455,1455
1456,1456
1457,1457
1458,1458
1459,1459
1460,1460
1461,1461
1462,1462
1463,1463
1464,1464
1465,1465
1466,1466
1467,1467
1468,1468
1469,1469
1470,1470
1471,1471
1472,1472
1473,1473
1474,1474
1475,1475
1476,1476
1477,1477
1478,1478
1479,1479
1480,1480
1481,1481
1482,1482
1483,1483
1484,1484
1485,1485
1486,1486
1487,1487
1488,1488
1489,1489
1490,1490
1491,1491
1492,1492
1493,1493
1494,1494
1495,1495
1496,1496
1497,1497
1498,1498
1499,1499
1500,1500
1501,1501
1502,1502
1503,1503
1504,1504
1505,1505
1506,1506
1507,1507
1508,1508
1509,1509
1510,1510
1511,1511
1512,1512
1513,1513
1514,1514
1515,1515
1516,1516
1517,1517
1518,1518
1519,1519
1520,1520
1521,1521
1522,1522
1523,1523
1524,1524
1525,1525
1526,1526
1527,1527
1528,1528
1529,1529
1530,1530
1531,1531
1532,1532
1533,1533
1534,1534
1535,1535
1536,1536
1537,1537
1538,1538
1539,1539
1540,1540
1541,1541
1542,1542
1543,1543
1544,1544
1545,1545
1546,1546
1547,1547
1548,1548
1549,1549
1550,1550
1551,1551
1552,1552
1553,1553
1554,1554
1555,1555
1556,1556
1557,1557
1558,1558
1559,1559
1560,1560
1561,1561
1562,1562
1563,1563
1564,1564
1565,1565
1566,1566
1567,1567
1568,1568
1569,1569
1570,1570
1571,1571
1572,1572
1573,1573
1574,1574
1575,1575
1576,1576
1577,1577
1578,1578
1579,1579
1580,1580
1581,1581
1582,1582
1583,1583
1584,1584
1585,1585
1586,1586
1587,1587
1588,1588
1589,1589
1590,1590
1591,1591
1592,1592
1593,1593
1594,1594
1595,1595
1596,1596
1597,1597
1598,1598
1599,1599
1600,1600
1601,1601
1602,1602
1603,1603
1604,1604
1605,1605
1606,1606
1607,1607
1608,1608
1609,1609
1610,1610
1611,1611
1612,1612
1613,1613
1614,1614
1615,1615
1616,1616
1617,1617
1618,1618
1619,1619
1620,1620
1621,1621
1622,1622
1623,1623
1624,1624
1625,1625
1626,1626
1627,1627
1628,1628
1629,1629
1630,1630
1631,1631
1632,1632
1633,1633
1634,1634
1635,1635
1636,1636
1637,1637
1638,1638
1639,1639
1640,1640
1641,1641
1642,1642
1643,1643
1644,1644
1645,1645
1646,1646
1647,1647
1648,1648
1649,1649
1650,1650
1651,1651
1652,1652
1653,1653
1654,1654
1655,1655
1656,1656
1657,1657
1658,1658
1659,1659
1660,1660
1661,1661
1662,1662
1663,1663
1664,1664
1665,1665
1666,1666
1667,1667
1668,1668
1669,1669
1670,1670
1671,1671
1672,1672
1673,1673
1674,1674
1675,1675
1676,1676
1677,1677
1678,1678
1679,1679
1680,1680
1681,1681
1682,1682
1683,1683
1684,1684
1685,1685
1686,1686
1687,1687
1688,1688
1689,1689
1690,1690
1691,1691
1692,1692
1693,1693
1694,1694
1695,1695
1696,1696
1697,1697
1698,1698
1699,1699
1700,1700
1701,1701
1702,1702
1703,1703
1704,1704
1705,1705
1706,1706
1707,1707
1708,1708
1709,1709
1710,1710
1711,1711
1712,1712
1713,1713
1714,1714
1715,1715
1716,1716
1717,1717
1718,1718
1719,1719
1720,1720
1721,1721
1722,1722
1723,1723
1724,1724
1725,1725
1726,1726
1727,1727
1728,1728
1729,1729
1730,1730
1731,1731
1732,1732
1733,1733
1734,1734
1735,1735
1736,1736
1737,1737
1738,1738
1739,1739
1740,1740
1741,1741
1742,1742
1743,1743
1744,1744
1745,1745
1746,1746
1747,1747
1748,1748
1749,1749
1750,1750
1751,1751
1752,1752
1753,1753
1754,1754
1755,1755
1756,1756
1757,1757
1758,1758
1759,1759
1760,1760
1761,1761
1762,1762
1763,1763
1764,1764
1765,1765
1766,1766
1767,1767
1768,1768
1769,1769
1770,1770
1771,1771
1772,1772
1773,1773
1774,1774
1775,1775
1776,1776
1777,1777
1778,1778
1779,1779
1780,1780
1781,1781
1782,1782
1783,1783
1784,1784
1785,1785
1786,1786
1787,1787
1788,1788
1789,1789
1790,1790
1791,1791
1792,1792
1793,1793
1794,1794
1795,1795
1796,1796
1797,1797
1798,1798
1799,1799
1800,1800
1801,1801
1802,1802
1803,1803
1804,1804
1805,1805
1806,1806
1807,1807
1808,1808
1809,1809
1810,1810
1811,1811
1812,1812
1813,1813
1814,1814
1815,1815
1816,1816
1817,1817
1818,1818
1819,1819
1820,1820
1821,1821
1822,1822
1823,1823
1824,1824
1825,1825
1826,1826
1827,1827
1828,1828
1829,1829
1830,1830
1831,1831
1832,1832
1833,1833
1834,1834
1835,1835
1836,1836
1837,1837
1838,1838
1839,1839
1840,1840
1841,1841
1842,1842
1843,1843
1844,1844
1845,1845
1846,1846
1847,1847
1848,1848
1849,1849
1850,1850
1851,1851
1852,1852
1853,1853
1854,1854
1855,1855
1856,1856
1857,1857
1858,1858
1859,1859
1860,1860
1861,1861
1862,1862
1863,1863
1864,1864
1865,1865
1866,1866
1867,1867
1868,1868
1869,1869
1870,1870
1871,1871
1872,1872
1873,1873
1874,1874
1875,1875
1876,1876
1877,1877
1878,1878
1879,1879
1880,1880
1881,1881
1882,1882
1883,1883
1884,1884
1885,1885
1886,1886
1887,1887
1888,1888
1889,1889
1890,1890
1891,1891
1892,1892
1893,1893
1894,1894
1895,1895
1896,1896
1897,1897
1898,1898
1899,1899
1900,1900
1901,1901
1902,1902
1903,1903
1904,1904
1905,1905
1906,1906
1907,1907
1908,1908
1909,1909
1910,1910
1911,1911
1912,1912
1913,1913
1914,1914
1915,1915
1916,1916
1917,1917
1918,1918
1919,1919
1920,1920
1921,1921
1922,1922
1923,1923
1924,1924
1925,1925
1926,1926
1927,1927
1928,1928
1929,1929
1930,1930
1931,1931
1932,1932
1933,1933
1934,1934
1935,1935
1936,1936
1937,1937
1938,1938
1939,1939
1940,1940
1941,1941
1942,1942
1943,1943
1944,1944
1945,1945
1946,1946
1947,1947
1948,1948
1949,1949
1950,1950
1951,1951
1952,1952
1953,1953
1954,1954
1955,1955
1956,1956
1957,1957
1958,1958
1959,1959
1960,1960
1961,1961
1962,1962
1963,1963
1964,1964
1965,1965
1966,1966
1967,1967
1968,1968
1969,1969
1970,1970
1971,1971
1972,1972
1973,1973
1974,1974
1975,1975
1976,1976
1977,1977
1978,1978
1979,1979
1980,1980
1981,1981
1982,1982
1983,1983
1984,1984
1985,1985
1986,1986
1987,1987
1988,1988
1989,1989
1990,1990
1991,1991
1992,1992
1993,1993
1994,1994
1995,1995
1996,1996
1997,1997
1998,1998
1999,1999
2000,2000
2001,2001
2002,2002
2003,2003
2004,2004
2005,2005
2006,2006
2007,2007
2008,2008
2009,2009
2010,2010
2011,2011
2012,2012
2013,2013
2014,2014
2015,2015
2016,2016
2017,2017
2018,2018
2019,2019
2020,2020
2021,2021
2022,2022
2023,2023
2024,2024
2025,2025
2026,2026
2027,2027
2028,2028
2029,2029
2030,2030
2031,2031
2032,2032
2033,2033
2034,2034
2035,2035
2036,2036
2037,2037
2038,2038
2039,2039
2040,2040
2041,2041
2042,2042
2043,2043
2044,2044
2045,2045
2046,2046
2047,2047
2048,2048
2049,2049
2050,2050
2051,2051
2052,2052
2053,2053
2054,2054
2055,2055
2056,2056
2057,2057
2058,2058
2059,2059
2060,2060
2061,2061
2062,2062
2063,2063
2064,2064
2065,2065
2066,2066
2067,2067
2068,2068
2069,2069
2070,2070
2071,2071
2072,2072
2073,2073
2074,2074
2075,2075
2076,2076
2077,2077
2078,2078
2079,2079
2080,2080
2081,2081
2082,2082
2083,2083
2084,2084
2085,2085
2086,2086
2087,2087
2088,2088
2089,2089
2090,2090
2091,2091
2092,2092
2093,2093
2094,2094
2095,2095
2096,2096
2097,2097
2098,2098
2099,2099
2100,2100
2101,2101
2102,2102
2103,2103
2104,2104
2105,2105
2106,2106
2107,2107
2108,2108
2109,2109
2110,2110
2111,2111
2112,2112
2113,2113
2114,2114
2115,2115
2116,2116
2117,2117
2118,2118
2119,2119
2120,2120
2121,2121
2122,2122
2123,2123
2124,2124
2125,2125
2126,2126
2127,2127
2128,2128
2129,2129
2130,2130
2131,2131
2132,2132
2133,2133
2134,2134
2135,2135
2136,2136
2137,2137
2138,2138
2139,2139
2140,2140
2141,2141
2142,2142
2143,2143
2144,2144
2145,2145
2146,2146
2147,2147
2148,2148
2149,2149
2150,2150
2151,2151
2152,2152
2153,2153
2154,2154
2155,2155
2156,2156
2157,2157
2158,2158
2159,2159
2160,2160
2161,2161
2162,2162
2163,2163
2164,2164
2165,2165
2166,2166
2167,2167
2168,2168
2169,2169
2170,2170
2171,2171
2172,2172
2173,2173
2174,2174
2175,2175
2176,2176
2177,2177
2178,2178
2179,2179
2180,2180
2181,2181
2182,2182
2183,2183
2184,2184
2185,2185
2186,2186
2187,2187
2188,2188
2189,2189
2190,2190
2191,2191
2192,2192
2193,2193
2194,2194
2195,2195
2196,2196
2197,2197
2198,2198
2199,2199
2200,2200
2201,2201
2202,2202
2203,2203
2204,2204
2205,2205
2206,2206
2207,2207
2208,2208
2209,2209
2210,2210
2211,2211
2212,2212
2213,2213
2214,2214
2215,2215
2216,2216
2217,2217
2218,2218
2219,2219
2220,2220
2221,2221
2222,2222
2223,2223
2224,2224
2225,2225
2226,2226
2227,2227
2228,2228
2229,2229
2230,2230
2231,2231
2232,2232
2233,2233
2234,2234
2235,2235
2236,2236
2237,2237
2238,2238
2239,2239
2240,2240
2241,2241
2242,2242
2243,2243
2244,2244
2245,2245
2246,2246
2247,2247
2248,2248
2249,2249
2250,2250
2251,2251
2252,2252
2253,2253
2254,2254
2255,2255
2256,2256
2257,2257
2258,2258
2259,2259
2260,2260
2261,2261
2262,2262
2263,2263
2264,2264
2265,2265
2266,2266
2267,2267
2268,2268
2269,2269
2270,2270
2271,2271
2272,2272
2273,2273
2274,2274
2275,2275
2276,2276
2277,2277
2278,2278
2279,2279
2280,2280
2281,2281
2282,2282
2283,2283
2284,2284
2285,2285
2286,2286
2287,2287
2288,2288
2289,2289
2290,2290
2291,2291
2292,2292
2293,2293
2294,2294
2295,2295
2296,2296
2297,2297
2298,2298
2299,2299
2300,2300
2301,2301
2302,2302
2303,2303
2304,2304
2305,2305
2306,2306
2307,2307
2308,2308
2309,2309
2310,2310
2311,2311
2312,2312
2313,2313
2314,2314
2315,2315
2316,2316
2317,2317
2318,2318
2319,2319
2320,2320
2321,2321
2322,2322
2323,2323
2324,2324
2325,2325
2326,2326
2327,2327
2328,2328
2329,2329
2330,2330
2331,2331
2332,2332
2333,2333
2334,2334
2335,2335
2336,2336
2337,2337
2338,2338
2339,2339
2340,2340
2341,2341
2342,2342
2343,2343
2344,2344
2345,2345
2346,2346
2347,2347
2348,2348
2349,2349
2350,2350
2351,2351
2352,2352
2353,2353
2354,2354
2355,2355
2356,2356
2357,2357
2358,2358
2359,2359
2360,2360
2361,2361
2362,2362
2363,2363
2364,2364
2365,2365
2366,2366
2367,2367
2368,2368
2369,2369
2370,2370
2371,2371
2372,2372
2373,2373
2374,2374
2375,2375
2376,2376
2377,2377
2378,2378
2379,2379
2380,2380
2381,2381
2382,2382
2383,2383
2384,2384
2385,2385
2386,2386
2387,2387
2388,2388
2389,2389
2390,2390
2391,2391
2392,2392
2393,2393
2394,2394
2395,2395
2396,2396
2397,2397
2398,2398
2399,2399
2400,2400
2401,2401
2402,2402
2403,2403
2404,2404
2405,2405
2406,2406
2407,2407
2408,2408
2409,2409
2410,2410
2411,2411
2412,2412
2413,2413
2414,2414
2415,2415
2416,2416
2417,2417
2418,2418
2419,2419
2420,2420
2421,2421
2422,2422
2423,2423
2424,2424
2425,2425
2426,2426
2427,2427
2428,2428
2429,2429
2430,2430
2431,2431
2432,2432
2433,2433
2434,2434
2435,2435
2436,2436
2437,2437
2438,2438
2439,2439
2440,2440
2441,2441
2442,2442
2443,2443
2444,2444
2445,2445
2446,2446
2447,2447
2448,2448
2449,2449
2450,2450
2451,2451
2452,2452
2453,2453
2454,2454
2455,2455
2456,2456
2457,2457
2458,2458
2459,2459
2460,2460
2461,2461
2462,2462
2463,2463
2464,2464
2465,2465
2466,2466
2467,2467
2468,2468
2469,2469
2470,2470
2471,2471
2472,2472
2473,2473
2474,2474
2475,2475
2476,2476
2477,2477
2478,2478
2479,2479
2480,2480
2481,2481
2482,2482
2483,2483
2484,2484
2485,2485
2486,2486
2487,2487
2488,2488
2489,2489
2490,2490
2491,2491
2492,2492
2493,2493
2494,2494
2495,2495
2496,2496
2497,2497
2498,2498
2499,2499
2500,2500
2501,2501
2502,2502
2503,2503
2504,2504
2505,2505
2506,2506
2507,2507
2508,2508
2509,2509
2510,2510
2511,2511
2512,2512
2513,2513
2514,2514
2515,2515
2516,2516
2517,2517
2518,2518
2519,2519
2520,2520
2521,2521
2522,2522
2523,2523
2524,2524
2525,2525
2526,2526
2527,2527
2528,2528
2529,2529
2530,2530
2531,2531
2532,2532
2533,2533
2534,2534
2535,2535
2536,2536
2537,2537
2538,2538
2539,2539
2540,2540
2541,2541
2542,2542
2543,2543
2544,2544
2545,2545
2546,2546
2547,2547
2548,2548
2549,2549
2550,2550
2551,2551
2552,2552
2553,2553
2554,2554
2555,2555
2556,2556
2557,2557
2558,2558
2559,2559
2560,2560
2561,2561
2562,2562
2563,2563
2564,2564
2565,2565
2566,2566
2567,2567
2568,2568
2569,2569
2570,2570
2571,2571
2572,2572
2573,2573
2574,2574
2575,2575
2576,2576
2577,2577
2578,2578
2579,2579
2580,2580
2581,2581
2582,2582
2583,2583
2584,2584
2585,2585
2586,2586
2587,2587
2588,2588
2589,2589
2590,2590
2591,2591
2592,2592
2593,2593
2594,2594
2595,2595
2596,2596
2597,2597
2598,2598
2599,2599
2600,2600
2601,2601
2602,2602
2603,2603
2604,2604
2605,2605
2606,2606
2607,2607
2608,2608
2609,2609
2610,2610
2611,2611
2612,2612
2613,2613
2614,2614
2615,2615
2616,2616
2617,2617
2618,2618
2619,2619
2620,2620
2621,2621
2622,2622
2623,2623
2624,2624
2625,2625
2626,2626
2627,2627
2628,2628
2629,2629
2630,2630
2631,2631
2632,2632
2633,2633
2634,2634
2635,2635
2636,2636
2637,2637
2638,2638
2639,2639
2640,2640
2641,2641
2642,2642
2643,2643
2644,2644
2645,2645
2646,2646
2647,2647
2648,2648
2649,2649
2650,2650
2651,2651
2652,2652
2653,2653
2654,2654
2655,2655
2656,2656
2657,2657
2658,2658
2659,2659
2660,2660
2661,2661
2662,2662
2663,2663
2664,2664
2665,2665
2666,2666
2667,2667
2668,2668
2669,2669
2670,2670
2671,2671
2672,2672
2673,2673
2674,2674
2675,2675
2676,2676
2677,2677
2678,2678
2679,2679
2680,2680
2681,2681
2682,2682
2683,2683
2684,2684
2685,2685
2686,2686
2687,2687
2688,2688
2689,2689
2690,2690
2691,2691
2692,2692
2693,2693
2694,2694
2695,2695
2696,2696
2697,2697
2698,2698
2699,2699
2700,2700
2701,2701
2702,2702
2703,2703
2704,2704
2705,2705
2706,2706
2707,2707
2708,2708
2709,2709
2710,2710
2711,2711
2712,2712
2713,2713
2714,2714
2715,2715
2716,2716
2717,2717
2718,2718
2719,2719
2720,2720
2721,2721
2722,2722
2723,2723
2724,2724
2725,2725
2726,2726
2727,2727
2728,2728
2729,2729
2730,2730
2731,2731
2732,2732
2733,2733
2734,2734
2735,2735
2736,2736
2737,2737
2738,2738
2739,2739
2740,2740
2741,2741
2742,2742
2743,2743
2744,2744
2745,2745
2746,2746
2747,2747
2748,2748
2749,2749
2750,2750
2751,2751
2752,2752
2753,2753
2754,2754
2755,2755
2756,2756
2757,2757
2758,2758
2759,2759
2760,2760
2761,2761
2762,2762
2763,2763
2764,2764
2765,2765
2766,2766
2767,2767
2768,2768
2769,2769
2770,2770
2771,2771
2772,2772
2773,2773
2774,2774
2775,2775
2776,2776
2777,2777
2778,2778
2779,2779
2780,2780
2781,2781
2782,2782
2783,2783
2784,2784
2785,2785
2786,2786
2787,2787
2788,2788
2789,2789
2790,2790
2791,2791
2792,2792
2793,2793
2794,2794
2795,2795
2796,2796
2797,2797
2798,2798
2799,2799
2800,2800
2801,2801
2802,2802
2803,2803
2804,2804
2805,2805
2806,2806
2807,2807
2808,2808
2809,2809
2810,2810
2811,2811
2812,2812
2813,2813
2814,2814
2815,2815
2816,2816
2817,2817
2818,2818
2819,2819
2820,2820
2821,2821
2822,2822
2823,2823
2824,2824
2825,2825
2826,2826
2827,2827
2828,2828
2829,2829
2830,2830
2831,2831
2832,2832
2833,2833
2834,2834
2835,2835
2836,2836
2837,2837
2838,2838
2839,2839
2840,2840
2841,2841
2842,2842
2843,2843
2844,2844
2845,2845
2846,2846
2847,2847
2848,2848
2849,2849
2850,2850
2851,2851
2852,2852
2853,2853
2854,2854
2855,2855
2856,2856
2857,2857
2858,2858
2859,2859
2860,2860
2861,2861
2862,2862
2863,2863
2864,2864
2865,2865
2866,2866
2867,2867
2868,2868
2869,2869
2870,2870
2871,2871
2872,2872
2873,2873
2874,2874
2875,2875
2876,2876
2877,2877
2878,2878
2879,2879
2880,2880
2881,2881
2882,2882
2883,2883
2884,2884
2885,2885
2886,2886
2887,2887
2888,2888
2889,2889
2890,2890
2891,2891
2892,2892
2893,2893
2894,2894
2895,2895
2896,2896
2897,2897
2898,2898
2899,2899
2900,2900
2901,2901
2902,2902
2903,2903
2904,2904
2905,2905
2906,2906
2907,2907
2908,2908
2909,2909
2910,2910
2911,2911
2912,2912
2913,2913
2914,2914
2915,2915
2916,2916
2917,2917
2918,2918
2919,2919
2920,2920
2921,2921
2922,2922
2923,2923
2924,2924
2925,2925
2926,2926
2927,2927
2928,2928
2929,2929
2930,2930
2931,2931
2932,2932
2933,2933
2934,2934
2935,2935
2936,2936
2937,2937
2938,2938
2939,2939
2940,2940
2941,2941
2942,2942
2943,2943
2944,2944
2945,2945
2946,2946
2947,2947
2948,2948
2949,2949
2950,2950
2951,2951
2952,2952
2953,2953
2954,2954
2955,2955
2956,2956
2957,2957
2958,2958
2959,2959
2960,2960
2961,2961
2962,2962
2963,2963
2964,2964
2965,2965
2966,2966
2967,2967
2968,2968
2969,2969
2970,2970
2971,2971
2972,2972
2973,2973
2974,2974
2975,2975
2976,2976
2977,2977
2978,2978
2979,2979
2980,2980
2981,2981
2982,2982
2983,2983
2984,2984
2985,2985
2986,2986
2987,2987
2988,2988
2989,2989
2990,2990
2991,2991
2992,2992
2993,2993
2994,2994
2995,2995
2996,2996
2997,2997
2998,2998
2999,2999
3000,3000
3001,3001
3002,3002
3003,3003
3004,3004
3005,3005
3006,3006
3007,3007
3008,3008
3009,3009
3010,3010
3011,3011
3012,3012
3013,3013
3014,3014
3015,3015
3016,3016
3017,3017
3018,3018
3019,3019
3020,3020
3021,3021
3022,3022
3023,3023
3024,3024
3025,3025
3026,3026
3027,3027
3028,3028
3029,3029
3030,3030
3031,3031
3032,3032
3033,3033
3034,3034
3035,3035
3036,3036
3037,3037
3038,3038
3039,3039
3040,3040
3041,3041
3042,3042
3043,3043
3044,3044
3045,3045
3046,3046
3047,3047
3048,3048
3049,3049
3050,3050
3051,3051
3052,3052
3053,3053
3054,3054
3055,3055
3056,3056
3057,3057
3058,3058
3059,3059
3060,3060
3061,3061
3062,3062
3063,3063
3064,3064
3065,3065
3066,3066
3067,3067
3068,3068
3069,3069
3070,3070
3071,3071
3072,3072
3073,3073
3074,3074
3075,3075
3076,3076
3077,3077
3078,3078
3079,3079
3080,3080
3081,3081
3082,3082
3083,3083
3084,3084
3085,3085
3086,3086
3087,3087
3088,3088
3089,3089
3090,3090
3091,3091
3092,3092
3093,3093
3094,3094
3095,3095
3096,3096
3097,3097
3098,3098
3099,3099
3100,3100
3101,3101
3102,3102
3103,3103
3104,3104
3105,3105
3106,3106
3107,3107
3108,3108
3109,3109
3110,3110
3111,3111
3112,3112
3113,3113
3114,3114
3115,3115
3116,3116
3117,3117
3118,3118
3119,3119
3120,3120
3121,3121
3122,3122
3123,3123
3124,3124
3125,3125
3126,3126
3127,3127
3128,3128
3129,3129
3130,3130
3131,3131
3132,3132
3133,3133
3134,3134
3135,3135
3136,3136
3137,3137
3138,3138
3139,3139
3140,3140
3141,3141
3142,3142
3143,3143
3144,3144
3145,3145
3146,3146
3147,3147
3148,3148
3149,3149
3150,3150
3151,3151
3152,3152
3153,3153
3154,3154
3155,3155
3156,3156
3157,3157
3158,3158
3159,3159
3160,3160
3161,3161
3162,3162
3163,3163
3164,3164
3165,3165
3166,3166
3167,3167
3168,3168
3169,3169
3170,3170
3171,3171
3172,3172
3173,3173
3174,3174
3175,3175
3176,3176
3177,3177
3178,3178
3179,3179
3180,3180
3181,3181
3182,3182
3183,3183
3184,3184
3185,3185
3186,3186
3187,3187
3188,3188
3189,3189
3190,3190
3191,3191
3192,3192
3193,3193
3194,3194
3195,3195
3196,3196
3197,3197
3198,3198
3199,3199
3200,3200
3201,3201
3202,3202
3203,3203
3204,3204
3205,3205
3206,3206
3207,3207
3208,3208
3209,3209
3210,3210
3211,3211
3212,3212
3213,3213
3214,3214
3215,3215
3216,3216
3217,3217
3218,3218
3219,3219
3220,3220
3221,3221
3222,3222
3223,3223
3224,3224
3225,3225
3226,3226
3227,3227
3228,3228
3229,3229
3230,3230
3231,3231
3232,3232
3233,3233
3234,3234
3235,3235
3236,3236
3237,3237
3238,3238
3239,3239
3240,3240
3241,3241
3242,3242
3243,3243
3244,3244
3245,3245
3246,3246
3247,3247
3248,3248
3249,3249
3250,3250
3251,3251
3252,3252
3253,3253
3254,3254
3255,3255
3256,3256
3257,3257
3258,3258
3259,3259
3260,3260
3261,3261
3262,3262
3263,3263
3264,3264
3265,3265
3266,3266
3267,3267
3268,3268
3269,3269
3270,3270
3271,3271
3272,3272
3273,3273
3274,3274
3275,3275
3276,3276
3277,3277
3278,3278
3279,3279
3280,3280
3281,3281
3282,3282
3283,3283
3284,3284
3285,3285
3286,3286
3287,3287
3288,3288
3289,3289
3290,3290
3291,3291
3292,3292
3293,3293
3294,3294
3295,3295
3296,3296
3297,3297
3298,3298
3299,3299
3300,3300
3301,3301
3302,3302
3303,3303
3304,3304
3305,3305
3306,3306
3307,3307
3308,3308
3309,3309
3310,3310
3311,3311
3312,3312
3313,3313
3314,3314
3315,3315
3316,3316
3317,3317
3318,3318
3319,3319
3320,3320
3321,3321
3322,3322
3323,3323
3324,3324
3325,3325
3326,3326
3327,3327
3328,3328
3329,3329
3330,3330
3331,3331
3332,3332
3333,3333
3334,3334
3335,3335
3336,3336
3337,3337
3338,3338
3339,3339
3340,3340
3341,3341
3342,3342
3343,3343
3344,3344
3345,3345
3346,3346
3347,3347
3348,3348
3349,3349
3350,3350
3351,3351
3352,3352
3353,3353
3354,3354
3355,3355
3356,3356
3357,3357
3358,3358
3359,3359
3360,3360
3361,3361
3362,3362
3363,3363
3364,3364
3365,3365
3366,3366
3367,3367
3368,3368
3369,3369
3370,3370
3371,3371
3372,3372
3373,3373
3374,3374
3375,3375
3376,3376
3377,3377
3378,3378
3379,3379
3380,3380
3381,3381
3382,3382
3383,3383
3384,3384
3385,3385
3386,3386
3387,3387
3388,3388
3389,3389
3390,3390
3391,3391
3392,3392
3393,3393
3394,3394
3395,3395
3396,3396
3397,3397
3398,3398
3399,3399
3400,3400
3401,3401
3402,3402
3403,3403
3404,3404
3405,3405
3406,3406
3407,3407
3408,3408
3409,3409
3410,3410
3411,3411
3412,3412
3413,3413
3414,3414
3415,3415
3416,3416
3417,3417
3418,3418
3419,3419
3420,3420
3421,3421
3422,3422
3423,3423
3424,3424
3425,3425
3426,3426
3427,3427
3428,3428
3429,3429
3430,3430
3431,3431
3432,3432
3433,3433
3434,3434
3435,3435
3436,3436
3437,3437
3438,3438
3439,3439
3440,3440
3441,3441
3442,3442
3443,3443
3444,3444
3445,3445
3446,3446
3447,3447
3448,3448
3449,3449
3450,3450
3451,3451
3452,3452
3453,3453
3454,3454
3455,3455
3456,3456
3457,3457
3458,3458
3459,3459
3460,3460
3461,3461
3462,3462
3463,3463
3464,3464
3465,3465
3466,3466
3467,3467
3468,3468
3469,3469
3470,3470
3471,3471
3472,3472
3473,3473
3474,3474
3475,3475
3476,3476
3477,3477
3478,3478
3479,3479
3480,3480
3481,3481
3482,3482
3483,3483
3484,3484
3485,3485
3486,3486
3487,3487
3488,3488
3489,3489
3490,3490
3491,3491
3492,3492
3493,3493
3494,3494
3495,3495
3496,3496
3497,3497
3498,3498
3499,3499
3500,3500
3501,3501
3502,3502
3503,3503
3504,3504
3505,3505
3506,3506
3507,3507
3508,3508
3509,3509
3510,3510
3511,3511
3512,3512
3513,3513
3514,3514
3515,3515
3516,3516
3517,3517
3518,3518
3519,3519
3520,3520
3521,3521
3522,3522
3523,3523
3524,3524
3525,3525
3526,3526
3527,3527
3528,3528
3529,3529
3530,3530
3531,3531
3532,3532
3533,3533
3534,3534
3535,3535
3536,3536
3537,3537
3538,3538
3539,3539
3540,3540
3541,3541
3542,3542
3543,3543
3544,3544
3545,3545
3546,3546
3547,3547
3548,3548
3549,3549
3550,3550
3551,3551
3552,3552
3553,3553
3554,3554
3555,3555
3556,3556
3557,3557
3558,3558
3559,3559
3560,3560
3561,3561
3562,3562
3563,3563
3564,3564
3565,3565
3566,3566
3567,3567
3568,3568
3569,3569
3570,3570
3571,3571
3572,3572
3573,3573
3574,3574
3575,3575
3576,3576
3577,3577
3578,3578
3579,3579
3580,3580
3581,3581
3582,3582
3583,3583
3584,3584
3585,3585
3586,3586
3587,3587
3588,3588
3589,3589
3590,3590
3591,3591
3592,3592
3593,3593
3594,3594
3595,3595
3596,3596
3597,3597
3598,3598
3599,3599
3600,3600
3601,3601
3602,3602
3603,3603
3604,3604
3605,3605
3606,3606
3607,3607
3608,3608
3609,3609
3610,3610
3611,3611
3612,3612
3613,3613
3614,3614
3615,3615
3616,3616
3617,3617
3618,3618
3619,3619
3620,3620
3621,3621
3622,3622
3623,3623
3624,3624
3625,3625
3626,3626
3627,3627
3628,3628
3629,3629
3630,3630
3631,3631
3632,3632
3633,3633
3634,3634
3635,3635
3636,3636
3637,3637
3638,3638
3639,3639
3640,3640
3641,3641
3642,3642
3643,3643
3644,3644
3645,3645
3646,3646
3647,3647
3648,3648
3649,3649
3650,3650
3651,3651
3652,3652
3653,3653
3654,3654
3655,3655
3656,3656
3657,3657
3658,3658
3659,3659
3660,3660
3661,3661
3662,3662
3663,3663
3664,3664
3665,3665
3666,3666
3667,3667
3668,3668
3669,3669
3670,3670
3671,3671
3672,3672
3673,3673
3674,3674
3675,3675
3676,3676
3677,3677
3678,3678
3679,3679
3680,3680
3681,3681
3682,3682
3683,3683
3684,3684
3685,3685
3686,3686
3687,3687
3688,3688
3689,3689
3690,3690
3691,3691
3692,3692
3693,3693
3694,3694
3695,3695
3696,3696
3697,3697
3698,3698
3699,3699
3700,3700
3701,3701
3702,3702
3703,3703
3704,3704
3705,3705
3706,3706
3707,3707
3708,3708
3709,3709
3710,3710
3711,3711
3712,3712
3713,3713
3714,3714
3715,3715
3716,3716
3717,3717
3718,3718
3719,3719
3720,3720
3721,3721
3722,3722
3723,3723
3724,3724
3725,3725
3726,3726
3727,3727
3728,3728
3729,3729
3730,3730
3731,3731
3732,3732
3733,3733
3734,3734
3735,3735
3736,3736
3737,3737
3738,3738
3739,3739
3740,3740
3741,3741
3742,3742
3743,3743
3744,3744
3745,3745
3746,3746
3747,3747
3748,3748
3749,3749
3750,3750
3751,3751
3752,3752
3753,3753
3754,3754
3755,3755
3756,3756
3757,3757
3758,3758
3759,3759
3760,3760
3761,3761
3762,3762
3763,3763
3764,3764
3765,3765
3766,3766
3767,3767
3768,3768
3769,3769
3770,3770
3771,3771
3772,3772
3773,3773
3774,3774
3775,3775
3776,3776
3777,3777
3778,3778
3779,3779
3780,3780
3781,3781
3782,3782
3783,3783
3784,3784
3785,3785
3786,3786
3787,3787
3788,3788
3789,3789
3790,3790
3791,3791
3792,3792
3793,3793
3794,3794
3795,3795
3796,3796
3797,3797
3798,3798
3799,3799
3800,3800
3801,3801
3802,3802
3803,3803
3804,3804
3805,3805
3806,3806
3807,3807
3808,3808
3809,3809
3810,3810
3811,3811
3812,3812
3813,3813
3814,3814
3815,3815
3816,3816
3817,3817
3818,3818
3819,3819
3820,3820
3821,3821
3822,3822
3823,3823
3824,3824
3825,3825
3826,3826
3827,3827
3828,3828
3829,3829
3830,3830
3831,3831
3832,3832
3833,3833
3834,3834
3835,3835
3836,3836
3837,3837
3838,3838
3839,3839
3840,3840
3841,3841
3842,3842
3843,3843
3844,3844
3845,3845
3846,3846
3847,3847
3848,3848
3849,3849
3850,3850
3851,3851
3852,3852
3853,3853
3854,3854
3855,3855
3856,3856
3857,3857
3858,3858
3859,3859
3860,3860
3861,3861
3862,3862
3863,3863
3864,3864
3865,3865
3866,3866
3867,3867
3868,3868
3869,3869
3870,3870
3871,3871
3872,3872
3873,3873
3874,3874
3875,3875
3876,3876
3877,3877
3878,3878
3879,3879
3880,3880
3881,3881
3882,3882
3883,3883
3884,3884
3885,3885
3886,3886
3887,3887
3888,3888
3889,3889
3890,3890
3891,3891
3892,3892
3893,3893
3894,3894
3895,3895
3896,3896
3897,3897
3898,3898
3899,3899
3900,3900
3901,3901
3902,3902
3903,3903
3904,3904
3905,3905
3906,3906
3907,3907
3908,3908
3909,3909
3910,3910
3911,3911
3912,3912
3913,3913
3914,3914
3915,3915
3916,3916
3917,3917
3918,3918
3919,3919
3920,3920
3921,3921
3922,3922
3923,3923
3924,3924
3925,3925
3926,3926
3927,3927
3928,3928
3929,3929
3930,3930
3931,3931
3932,3932
3933,3933
3934,3934
3935,3935
3936,3936
3937,3937
3938,3938
3939,3939
3940,3940
3941,3941
3942,3942
3943,3943
3944,3944
3945,3945
3946,3946
3947,3947
3948,3948
3949,3949
3950,3950
3951,3951
3952,3952
3953,3953
3954,3954
3955,3955
3956,3956
3957,3957
3958,3958
3959,3959
3960,3960
3961,3961
3962,3962
3963,3963
3964,3964
3965,3965
3966,3966
3967,3967
3968,3968
3969,3969
3970,3970
3971,3971
3972,3972
3973,3973
3974,3974
3975,3975
3976,3976
3977,3977
3978,3978
3979,3979
3980,3980
3981,3981
3982,3982
3983,3983
3984,3984
3985,3985
3986,3986
3987,3987
3988,3988
3989,3989
3990,3990
3991,3991
3992,3992
3993,3993
3994,3994
3995,3995
3996,3996
3997,3997
3998,3998
3999,3999
4000,4000
