id_order,order_macket
1,1
2,2
3,3
3,4
5,5
6,6
7,7
8,8
9,9
9,10
11,11
12,12
13,13
14,14
15,15
16,16
17,17
18,18
19,19
19,20
21,21
22,22
23,23
24,24
25,25
26,26
27,27
28,28
29,29
30,30
31,31
32,32
33,33
34,34
35,35
36,36
37,37
38,38
39,39
40,40
41,41
42,42
43,43
44,44
45,45
46,46
47,47
48,48
49,49
50,50
51,3447
52,1333
53,204
54,2264
55,2991
56,298
57,2394
58,3860
59,840
60,3452
61,1462
62,3495
63,36
64,336
65,436
66,2510
67,1916
68,619
69,2876
70,2236
71,3591
72,3740
73,309
74,640
75,789
76,3385
77,2611
78,344
79,2882
80,1778
81,3074
82,551
83,247
84,2349
85,3122
86,1428
87,2109
88,1932
89,1736
90,1355
91,824
92,1760
93,2369
94,2621
95,1138
96,1086
97,443
98,985
99,3633
100,392
101,3414
102,1862
103,57
104,189
105,1282
106,3366
107,646
108,3507
109,2175
110,940
111,661
112,1397
113,3692
114,1832
115,2137
116,161
117,1234
118,1668
119,607
120,2904
121,3211
122,3186
123,942
124,3087
125,3973
126,1332
127,460
128,319
129,3794
130,1322
131,264
132,3692
133,1465
134,746
135,3805
136,2638
137,2856
138,3910
139,962
140,3427
141,3611
142,1186
143,1512
144,2618
145,1842
146,281
147,982
148,455
149,346
150,2159
151,3291
152,2123
153,3982
154,1165
155,1178
156,3642
157,1255
158,118
159,2595
160,2764
161,2851
162,2903
163,244
164,3354
165,1142
166,39
167,1001
168,1819
169,797
170,356
171,1789
172,2955
173,1091
174,1421
175,648
176,3160
177,3412
178,2600
179,1374
180,1387
181,2218
182,1929
183,2675
184,2366
185,1749
186,900
187,1886
188,3908
189,286
190,1381
191,2787
192,3652
193,2400
194,2553
195,2710
196,3207
197,3321
198,2407
199,20
200,395
201,1210
202,378
203,3508
204,738
205,1234
206,3850
207,3543
208,3484
209,3678
210,799
211,3076
212,60
213,88
214,1944
215,726
216,1382
217,722
218,2499
219,2306
220,2755
221,251
222,2188
223,2530
224,1354
225,2706
226,3946
227,3744
228,1853
229,2754
230,810
231,3126
232,3949
233,67
234,2079
235,1625
236,2679
237,1803
238,2286
239,845
240,37
241,3737
242,1922
243,423
244,3343
245,1332
246,705
247,3411
248,438
249,942
250,1102
251,1917
252,1423
253,3955
254,2466
255,2178
256,3005
257,1472
258,1950
259,1597
260,1639
261,185
262,1159
263,3949
264,3180
265,1745
266,71
267,252
268,1541
269,1346
270,2486
271,1203
272,1702
273,2220
274,1014
275,2378
276,3042
277,288
278,551
279,3437
280,2453
281,1596
282,3452
283,2736
284,1244
285,2556
286,2720
287,1071
288,175
289,1032
290,3207
291,3900
292,747
293,844
294,571
295,841
296,2032
297,294
298,438
299,1284
300,2612
301,779
302,3713
303,1216
304,1158
305,819
306,3672
307,2423
308,1727
309,793
310,1254
311,1560
312,1614
313,177
314,2698
315,1470
316,2455
317,1056
318,3925
319,2683
320,688
321,3349
322,626
323,3382
324,1752
325,1595
326,1195
327,1833
328,3087
329,3690
330,2768
331,2125
332,3258
333,2135
334,457
335,3422
336,1540
337,3308
338,3210
339,2047
340,83
341,1055
342,3676
343,552
344,2309
345,3262
346,2307
347,3699
348,3615
349,1560
350,1948
351,3166
352,492
353,1017
354,26
355,876
356,1800
357,1655
358,352
359,1368
360,3881
361,2905
362,299
363,2626
364,694
365,1461
366,2594
367,1329
368,1790
369,3269
370,3545
371,824
372,2822
373,385
374,3522
375,3281
376,746
377,3096
378,2806
379,623
380,612
381,1470
382,544
383,3807
384,1176
385,3528
386,1346
387,3905
388,221
389,231
390,1358
391,1060
392,496
393,3089
394,557
395,893
396,103
397,1215
398,1390
399,275
400,2246
401,1437
402,2017
403,3059
404,96
405,3430
406,2452
407,1956
408,3771
409,3329
410,2757
411,1883
412,2214
413,2189
414,2798
415,1863
416,853
417,543
418,624
419,2036
420,569
421,403
422,1939
423,152
424,890
425,1744
426,2953
427,3940
428,2968
429,3642
430,3632
431,3238
432,3773
433,1233
434,2687
435,2506
436,1876
437,2919
438,2909
439,141
440,1722
441,2858
442,2230
443,3346
444,3228
445,2547
446,101
447,1102
448,2124
449,2459
450,3203
451,388
452,2996
453,1106
454,1134
455,1335
456,785
457,3885
458,706
459,3147
460,3396
461,2348
462,87
463,1606
464,1447
465,788
466,2369
467,686
468,1669
469,2890
470,3889
471,2505
472,2901
473,3609
474,640
475,1014
476,3843
477,1130
478,1322
479,3036
480,600
481,197
482,343
483,1079
484,2030
485,3297
486,2388
487,2413
488,2189
489,44
490,850
491,447
492,2303
493,1859
494,2866
495,2183
496,2538
497,3020
498,480
499,1775
500,2419
501,3996
502,2445
503,3680
504,3455
505,1000
506,1965
507,1116
508,3315
509,1824
510,776
511,2777
512,2600
513,2207
514,656
515,533
516,3739
517,699
518,213
519,3336
520,359
521,1476
522,91
523,3546
524,1254
525,1452
526,1806
527,227
528,455
529,220
530,603
531,2839
532,755
533,1523
534,2853
535,2213
536,3092
537,1078
538,2298
539,2675
540,1442
541,2251
542,3704
543,2234
544,2628
545,3512
546,2196
547,854
548,3328
549,3584
550,3244
551,224
552,2218
553,522
554,2025
555,2004
556,2421
557,2008
558,818
559,990
560,2973
561,2872
562,524
563,2083
564,2596
565,3541
566,3433
567,1047
568,489
569,1966
570,2751
571,3702
572,3482
573,3693
574,280
575,3340
576,2865
577,3931
578,1684
579,164
580,645
581,3018
582,2772
583,3394
584,3883
585,112
586,207
587,2086
588,881
589,787
590,535
591,2698
592,3103
593,2246
594,1602
595,1295
596,2251
597,2163
598,2408
599,684
600,3862
601,1848
602,1284
603,3678
604,1518
605,316
606,1419
607,3170
608,140
609,3869
610,1676
611,3871
612,1684
613,3360
614,1191
615,1764
616,1124
617,2657
618,45
619,1332
620,2508
621,3726
622,2719
623,1050
624,3975
625,539
626,2899
627,2091
628,1870
629,1869
630,3934
631,1534
632,3143
633,3631
634,374
635,3332
636,1521
637,2771
638,2881
639,904
640,1356
641,3253
642,3564
643,763
644,661
645,209
646,314
647,57
648,2150
649,1028
650,3853
651,305
652,3232
653,2544
654,637
655,2671
656,3290
657,2628
658,2609
659,1994
660,362
661,3283
662,2793
663,2973
664,975
665,2207
666,1885
667,1557
668,59
669,2296
670,3749
671,987
672,3455
673,3258
674,1121
675,2557
676,1992
677,965
678,874
679,2660
680,2423
681,2005
682,1559
683,2264
684,3067
685,1878
686,3934
687,3913
688,1996
689,421
690,3228
691,2594
692,1678
693,3326
694,478
695,2135
696,1775
697,77
698,2638
699,2397
700,1242
701,3225
702,2412
703,2057
704,186
705,123
706,632
707,3088
708,1752
709,2278
710,446
711,1962
712,2590
713,3438
714,3611
715,2969
716,2473
717,3663
718,2801
719,3259
720,398
721,315
722,1283
723,1971
724,3253
725,644
726,1843
727,1535
728,2152
729,2578
730,850
731,3218
732,3509
733,2264
734,2972
735,2034
736,894
737,3749
738,338
739,2836
740,2968
741,259
742,1118
743,2790
744,68
745,1179
746,582
747,100
748,3660
749,2396
750,1332
751,58
752,2993
753,2831
754,2766
755,3023
756,2073
757,1964
758,546
759,1891
760,1307
761,13
762,2109
763,385
764,2872
765,3207
766,2734
767,3955
768,1053
769,2320
770,1043
771,336
772,567
773,1515
774,2967
775,3933
776,2694
777,2510
778,1191
779,2263
780,3045
781,541
782,1863
783,2098
784,173
785,2931
786,251
787,2758
788,729
789,1138
790,3043
791,2863
792,1059
793,3717
794,2223
795,1641
796,2327
797,2518
798,93
799,2874
800,1141
801,2127
802,3172
803,2301
804,1415
805,1377
806,2272
807,2993
808,1495
809,3896
810,1503
811,824
812,1567
813,805
814,222
815,164
816,2451
817,3597
818,1255
819,2117
820,3115
821,2521
822,346
823,3894
824,2770
825,2943
826,927
827,579
828,3208
829,1109
830,3563
831,772
832,2202
833,2517
834,238
835,877
836,2268
837,3997
838,643
839,1320
840,1597
841,1487
842,420
843,1333
844,3560
845,1318
846,3555
847,411
848,2142
849,3435
850,3214
851,1917
852,3115
853,1255
854,1044
855,972
856,2115
857,2023
858,2391
859,3768
860,718
861,2240
862,1637
863,2042
864,253
865,2995
866,1988
867,1725
868,2897
869,570
870,3893
871,668
872,3033
873,995
874,1187
875,1611
876,492
877,2631
878,3253
879,3446
880,1948
881,3664
882,3919
883,2249
884,3774
885,3574
886,982
887,2366
888,2820
889,3053
890,533
891,1341
892,2378
893,1544
894,2722
895,1562
896,2327
897,1595
898,361
899,2485
900,1857
901,1135
902,1433
903,658
904,264
905,89
906,1811
907,413
908,3592
909,918
910,3835
911,3976
912,3742
913,1923
914,1587
915,1883
916,2826
917,1766
918,787
919,93
920,3934
921,1798
922,757
923,3342
924,2033
925,1299
926,1623
927,2472
928,2565
929,2934
930,1182
931,764
932,1503
933,608
934,747
935,3192
936,1188
937,2854
938,2473
939,633
940,839
941,1114
942,2492
943,2999
944,833
945,2774
946,3433
947,3167
948,3979
949,51
950,3666
951,345
952,3132
953,3335
954,1667
955,2085
956,946
957,3110
958,2484
959,952
960,2998
961,1
962,2537
963,3882
964,1799
965,2673
966,2148
967,453
968,2235
969,1837
970,669
971,2099
972,2986
973,1104
974,56
975,2093
976,3465
977,1999
978,3817
979,3428
980,3752
981,1529
982,1968
983,3709
984,3377
985,2139
986,1055
987,2690
988,267
989,3527
990,3007
991,1653
992,3806
993,2436
994,2002
995,1648
996,1766
997,104
998,116
999,3916
1000,1010
1001,3789
1002,1834
1003,2865
1004,1095
1005,1852
1006,1122
1007,701
1008,107
1009,3542
1010,1061
1011,135
1012,1472
1013,1506
1014,2357
1015,1873
1016,673
1017,3583
1018,559
1019,1828
1020,3868
1021,2754
1022,3431
1023,982
1024,2104
1025,3218
1026,3788
1027,1272
1028,3729
1029,1025
1030,1434
1031,649
1032,3389
1033,989
1034,744
1035,3893
1036,952
1037,3608
1038,2038
1039,2530
1040,2154
1041,1300
1042,1788
1043,1525
1044,1995
1045,1293
1046,3833
1047,1471
1048,1193
1049,2524
1050,437
1051,1844
1052,3586
1053,2627
1054,3191
1055,3211
1056,3912
1057,1325
1058,1654
1059,1268
1060,1125
1061,3046
1062,2253
1063,1263
1064,2336
1065,3965
1066,3782
1067,3000
1068,3489
1069,2737
1070,2046
1071,357
1072,2997
1073,516
1074,3204
1075,3704
1076,2138
1077,367
1078,2908
1079,538
1080,1717
1081,3477
1082,1145
1083,2307
1084,3349
1085,1715
1086,2238
1087,1725
1088,1890
1089,3192
1090,2937
1091,2170
1092,36
1093,3885
1094,2447
1095,2521
1096,714
1097,1608
1098,3573
1099,2023
1100,1487
1101,3896
1102,251
1103,3013
1104,3340
1105,1599
1106,2937
1107,951
1108,1115
1109,2514
1110,661
1111,2074
1112,2432
1113,547
1114,2082
1115,2495
1116,1214
1117,358
1118,493
1119,2214
1120,1913
1121,1604
1122,2557
1123,3930
1124,3280
1125,204
1126,2256
1127,1180
1128,2754
1129,1320
1130,179
1131,966
1132,3480
1133,327
1134,2822
1135,602
1136,3119
1137,3614
1138,201
1139,100
1140,3750
1141,1588
1142,3802
1143,129
1144,752
1145,2110
1146,1636
1147,2659
1148,2364
1149,3016
1150,1089
1151,2179
1152,3427
1153,3014
1154,1694
1155,3413
1156,1788
1157,2681
1158,614
1159,3993
1160,2932
1161,2384
1162,2441
1163,1480
1164,1145
1165,760
1166,333
1167,2000
1168,2607
1169,758
1170,499
1171,2389
1172,3187
1173,2922
1174,1609
1175,3556
1176,3444
1177,1276
1178,813
1179,1922
1180,1499
1181,93
1182,1752
1183,2803
1184,1821
1185,868
1186,1213
1187,603
1188,910
1189,152
1190,3351
1191,417
1192,2284
1193,3999
1194,1912
1195,2211
1196,1656
1197,114
1198,3897
1199,3148
1200,1597
1201,3790
1202,3016
1203,344
1204,362
1205,3757
1206,3071
1207,722
1208,3333
1209,1059
1210,3125
1211,3479
1212,689
1213,656
1214,602
1215,938
1216,554
1217,3001
1218,2456
1219,1372
1220,977
1221,3767
1222,1344
1223,3824
1224,1411
1225,3981
1226,3346
1227,3761
1228,3870
1229,1353
1230,1570
1231,3954
1232,158
1233,2081
1234,2979
1235,3164
1236,2757
1237,2868
1238,75
1239,822
1240,1428
1241,1622
1242,1914
1243,1290
1244,2629
1245,1788
1246,1488
1247,1546
1248,3847
1249,1742
1250,3204
1251,1651
1252,1437
1253,1587
1254,1699
1255,1260
1256,2050
1257,3791
1258,1342
1259,1166
1260,2510
1261,3274
1262,2963
1263,1908
1264,969
1265,2375
1266,1420
1267,123
1268,2595
1269,733
1270,1777
1271,2992
1272,3569
1273,530
1274,3915
1275,3249
1276,1571
1277,1234
1278,48
1279,3930
1280,820
1281,3593
1282,1605
1283,1989
1284,3762
1285,2662
1286,277
1287,116
1288,3305
1289,3022
1290,1262
1291,324
1292,2427
1293,1599
1294,1815
1295,1266
1296,3418
1297,2881
1298,459
1299,3268
1300,1507
1301,1665
1302,1089
1303,2557
1304,1752
1305,1768
1306,1339
1307,263
1308,1506
1309,105
1310,2707
1311,891
1312,1909
1313,525
1314,2077
1315,3598
1316,2419
1317,1291
1318,960
1319,626
1320,908
1321,3027
1322,2667
1323,979
1324,3829
1325,1810
1326,3536
1327,2170
1328,2752
1329,1975
1330,1934
1331,1218
1332,1303
1333,2221
1334,3695
1335,3675
1336,460
1337,2695
1338,967
1339,2741
1340,1184
1341,2897
1342,2934
1343,158
1344,3261
1345,2008
1346,1963
1347,337
1348,3469
1349,1210
1350,2559
1351,1013
1352,1072
1353,1580
1354,2840
1355,2402
1356,544
1357,855
1358,3294
1359,1980
1360,2378
1361,706
1362,2145
1363,3859
1364,3718
1365,2713
1366,2665
1367,3195
1368,186
1369,52
1370,3138
1371,2002
1372,1431
1373,2695
1374,1010
1375,737
1376,2391
1377,2844
1378,968
1379,2258
1380,1097
1381,3752
1382,2758
1383,1567
1384,1002
1385,393
1386,2352
1387,2282
1388,3368
1389,3797
1390,3401
1391,900
1392,1418
1393,749
1394,3622
1395,1312
1396,246
1397,2836
1398,2653
1399,973
1400,1887
1401,3590
1402,64
1403,4
1404,2783
1405,2997
1406,3049
1407,599
1408,183
1409,2534
1410,2977
1411,11
1412,2688
1413,368
1414,2375
1415,3921
1416,480
1417,3763
1418,1662
1419,3615
1420,1272
1421,3531
1422,1361
1423,2888
1424,261
1425,3773
1426,2869
1427,979
1428,1272
1429,2376
1430,1660
1431,3637
1432,346
1433,757
1434,1414
1435,2847
1436,724
1437,2342
1438,3797
1439,1701
1440,3811
1441,2917
1442,3991
1443,1835
1444,1017
1445,2308
1446,307
1447,997
1448,1565
1449,1966
1450,1294
1451,598
1452,2113
1453,250
1454,3233
1455,2186
1456,842
1457,3894
1458,3967
1459,425
1460,2035
1461,2824
1462,3050
1463,26
1464,1062
1465,2528
1466,1508
1467,2717
1468,1544
1469,1335
1470,3879
1471,745
1472,155
1473,815
1474,2223
1475,787
1476,2361
1477,1394
1478,1109
1479,510
1480,1733
1481,1684
1482,3018
1483,3377
1484,3833
1485,646
1486,3966
1487,288
1488,1127
1489,2768
1490,2267
1491,2681
1492,2826
1493,2497
1494,1102
1495,2991
1496,1272
1497,3483
1498,3194
1499,1768
1500,3143
1501,3519
1502,3244
1503,131
1504,645
1505,899
1506,2875
1507,835
1508,3891
1509,3010
1510,404
1511,1843
1512,222
1513,3215
1514,3272
1515,1455
1516,128
1517,3499
1518,218
1519,2639
1520,763
1521,626
1522,512
1523,1721
1524,3839
1525,1590
1526,2076
1527,2980
1528,3503
1529,2181
1530,1936
1531,1267
1532,3976
1533,38
1534,1585
1535,1950
1536,491
1537,2071
1538,2671
1539,2595
1540,3044
1541,1012
1542,3571
1543,2494
1544,43
1545,3208
1546,2849
1547,2653
1548,729
1549,1280
1550,2686
1551,1363
1552,1380
1553,1133
1554,3877
1555,1790
1556,2882
1557,2848
1558,2815
1559,1378
1560,2257
1561,2841
1562,2263
1563,1067
1564,3886
1565,2042
1566,627
1567,3733
1568,2951
1569,3795
1570,113
1571,786
1572,2927
1573,829
1574,2681
1575,10
1576,3206
1577,3149
1578,2473
1579,2322
1580,2603
1581,371
1582,2374
1583,1373
1584,1274
1585,2453
1586,1014
1587,489
1588,1120
1589,3289
1590,310
1591,1961
1592,1603
1593,3890
1594,2633
1595,2918
1596,1534
1597,880
1598,929
1599,3984
1600,1626
1601,2445
1602,2204
1603,1899
1604,1243
1605,938
1606,3316
1607,2042
1608,2497
1609,1992
1610,722
1611,3998
1612,847
1613,1201
1614,3746
1615,3977
1616,1641
1617,550
1618,340
1619,542
1620,3941
1621,1795
1622,3334
1623,2259
1624,1611
1625,3185
1626,496
1627,2352
1628,999
1629,1348
1630,2666
1631,3165
1632,2957
1633,3205
1634,2420
1635,222
1636,2935
1637,143
1638,1242
1639,2388
1640,148
1641,3427
1642,2103
1643,2011
1644,3004
1645,3338
1646,3966
1647,738
1648,3760
1649,2293
1650,3963
1651,3868
1652,2019
1653,3453
1654,1775
1655,2599
1656,935
1657,1213
1658,900
1659,31
1660,2108
1661,1386
1662,1228
1663,1702
1664,116
1665,2789
1666,172
1667,1065
1668,2054
1669,541
1670,2798
1671,3760
1672,3517
1673,1848
1674,1747
1675,335
1676,1009
1677,3562
1678,1008
1679,2708
1680,625
1681,444
1682,3244
1683,2959
1684,3802
1685,247
1686,806
1687,1491
1688,1383
1689,1153
1690,1514
1691,3004
1692,2981
1693,3918
1694,326
1695,2155
1696,2007
1697,354
1698,495
1699,1200
1700,1942
1701,2861
1702,317
1703,1573
1704,2473
1705,2511
1706,2171
1707,1477
1708,3170
1709,2856
1710,3527
1711,3910
1712,260
1713,976
1714,1585
1715,3627
1716,3441
1717,3541
1718,1082
1719,1594
1720,3799
1721,2962
1722,1164
1723,1632
1724,224
1725,3717
1726,2115
1727,914
1728,2102
1729,1283
1730,1603
1731,2897
1732,2112
1733,1274
1734,2245
1735,2788
1736,3278
1737,2921
1738,3016
1739,49
1740,2479
1741,3229
1742,3785
1743,3438
1744,2502
1745,3535
1746,2265
1747,703
1748,2765
1749,876
1750,1534
1751,3748
1752,2807
1753,2481
1754,2868
1755,193
1756,272
1757,2460
1758,2942
1759,2947
1760,2996
1761,2207
1762,2208
1763,2619
1764,2881
1765,3584
1766,954
1767,723
1768,2672
1769,3667
1770,1624
1771,2744
1772,1807
1773,860
1774,2684
1775,218
1776,3257
1777,3070
1778,1001
1779,1118
1780,2491
1781,3785
1782,2876
1783,932
1784,3891
1785,71
1786,394
1787,3210
1788,3813
1789,3829
1790,3095
1791,3981
1792,1076
1793,267
1794,3247
1795,1405
1796,1758
1797,526
1798,1229
1799,809
1800,1687
1801,420
1802,1071
1803,2894
1804,1239
1805,2116
1806,1773
1807,1243
1808,1085
1809,2150
1810,3693
1811,3058
1812,2479
1813,765
1814,1927
1815,2749
1816,2091
1817,1460
1818,822
1819,1180
1820,3927
1821,2054
1822,2258
1823,3739
1824,1363
1825,667
1826,2755
1827,1075
1828,2028
1829,3815
1830,1112
1831,1362
1832,593
1833,1379
1834,293
1835,651
1836,3501
1837,98
1838,2845
1839,1032
1840,2887
1841,1609
1842,1835
1843,3520
1844,345
1845,3769
1846,1135
1847,2900
1848,3219
1849,822
1850,2273
1851,2196
1852,811
1853,112
1854,3518
1855,1072
1856,3054
1857,914
1858,3677
1859,923
1860,716
1861,1297
1862,870
1863,2028
1864,1991
1865,3824
1866,3349
1867,1241
1868,1395
1869,1943
1870,3626
1871,2320
1872,1931
1873,1397
1874,2114
1875,1250
1876,3168
1877,1288
1878,3838
1879,1065
1880,488
1881,3215
1882,2393
1883,2960
1884,3336
1885,3129
1886,229
1887,1790
1888,3466
1889,548
1890,1139
1891,2989
1892,732
1893,792
1894,2674
1895,3808
1896,3483
1897,2863
1898,1678
1899,3468
1900,208
1901,3399
1902,1923
1903,2591
1904,717
1905,3547
1906,3792
1907,3849
1908,3103
1909,3536
1910,1151
1911,3557
1912,3452
1913,2319
1914,1752
1915,1727
1916,781
1917,2672
1918,2320
1919,2412
1920,3845
1921,1221
1922,1355
1923,1761
1924,289
1925,3108
1926,917
1927,161
1928,2238
1929,2784
1930,259
1931,3651
1932,2745
1933,1778
1934,2174
1935,3378
1936,3993
1937,3520
1938,3272
1939,3868
1940,408
1941,746
1942,2830
1943,2222
1944,675
1945,2298
1946,1904
1947,3783
1948,3135
1949,3017
1950,24
1951,225
1952,2025
1953,2054
1954,1358
1955,2269
1956,1927
1957,445
1958,3093
1959,3635
1960,71
1961,3390
1962,1924
1963,2261
1964,852
1965,3360
1966,246
1967,2511
1968,67
1969,2159
1970,2803
1971,817
1972,3932
1973,2492
1974,170
1975,1492
1976,903
1977,1707
1978,152
1979,2585
1980,1650
1981,1959
1982,11
1983,995
1984,1792
1985,2767
1986,25
1987,2689
1988,1853
1989,1859
1990,3932
1991,1528
1992,3751
1993,2276
1994,2054
1995,340
1996,1267
1997,3865
1998,2546
1999,3998
2000,96
2001,3550
2002,747
2003,2491
2004,1555
2005,2710
2006,3872
2007,96
2008,1433
2009,880
2010,952
2011,2595
2012,857
2013,3518
2014,3537
2015,1107
2016,2828
2017,1229
2018,1245
2019,827
2020,2010
2021,3300
2022,1010
2023,3546
2024,3169
2025,423
2026,2416
2027,731
2028,2510
2029,1926
2030,3537
2031,3648
2032,1310
2033,3933
2034,1042
2035,1642
2036,3796
2037,3054
2038,119
2039,2583
2040,1351
2041,1932
2042,72
2043,603
2044,2525
2045,2928
2046,2509
2047,3712
2048,2228
2049,3797
2050,1349
2051,2479
2052,3450
2053,2745
2054,1764
2055,492
2056,3911
2057,2061
2058,1331
2059,761
2060,3845
2061,351
2062,1937
2063,2992
2064,583
2065,3031
2066,262
2067,2951
2068,1293
2069,1355
2070,3872
2071,2675
2072,1025
2073,402
2074,3028
2075,3731
2076,1992
2077,2770
2078,2967
2079,270
2080,3606
2081,2835
2082,222
2083,255
2084,1486
2085,3337
2086,6
2087,2795
2088,965
2089,370
2090,2684
2091,1738
2092,2672
2093,3196
2094,170
2095,2244
2096,2436
2097,2268
2098,2881
2099,3713
2100,2270
2101,3059
2102,1033
2103,1072
2104,473
2105,3966
2106,494
2107,3616
2108,1575
2109,552
2110,2321
2111,1673
2112,2647
2113,1306
2114,1994
2115,3610
2116,2805
2117,495
2118,1213
2119,1400
2120,3262
2121,2950
2122,3208
2123,2056
2124,2401
2125,847
2126,750
2127,2141
2128,862
2129,219
2130,297
2131,3212
2132,1597
2133,1007
2134,1334
2135,3554
2136,2727
2137,1965
2138,1859
2139,341
2140,3478
2141,3867
2142,2691
2143,2441
2144,3701
2145,1032
2146,1125
2147,1661
2148,2462
2149,3714
2150,1433
2151,3279
2152,1837
2153,1809
2154,91
2155,2256
2156,2094
2157,367
2158,951
2159,2185
2160,3532
2161,3010
2162,976
2163,3548
2164,898
2165,39
2166,1958
2167,3657
2168,2709
2169,2917
2170,1675
2171,2488
2172,3888
2173,2408
2174,2633
2175,1990
2176,1391
2177,1706
2178,1343
2179,1385
2180,1384
2181,2768
2182,2773
2183,399
2184,3313
2185,2786
2186,219
2187,2789
2188,1046
2189,3979
2190,2290
2191,1385
2192,2082
2193,3240
2194,925
2195,378
2196,469
2197,3162
2198,113
2199,1713
2200,2874
2201,3631
2202,1784
2203,2174
2204,2736
2205,2101
2206,893
2207,1933
2208,2192
2209,1874
2210,3239
2211,2667
2212,3410
2213,3728
2214,3093
2215,2652
2216,1392
2217,868
2218,2487
2219,2794
2220,2789
2221,3922
2222,1645
2223,3357
2224,2104
2225,1489
2226,3276
2227,2043
2228,93
2229,3676
2230,1424
2231,2793
2232,3119
2233,713
2234,1233
2235,1211
2236,2355
2237,3506
2238,2047
2239,1159
2240,3433
2241,2706
2242,1726
2243,2690
2244,501
2245,1570
2246,1520
2247,3570
2248,2379
2249,3767
2250,431
2251,3806
2252,38
2253,1822
2254,3264
2255,2811
2256,495
2257,1964
2258,2356
2259,3744
2260,3594
2261,3604
2262,3227
2263,3314
2264,869
2265,3265
2266,3075
2267,47
2268,3453
2269,459
2270,3143
2271,3118
2272,2838
2273,3359
2274,2735
2275,2318
2276,591
2277,2811
2278,2940
2279,2077
2280,2436
2281,3826
2282,1582
2283,1884
2284,3876
2285,3725
2286,573
2287,3656
2288,3164
2289,2433
2290,3160
2291,3619
2292,2397
2293,3489
2294,1810
2295,150
2296,226
2297,2747
2298,2922
2299,2822
2300,392
2301,957
2302,3560
2303,285
2304,1166
2305,1514
2306,3749
2307,1637
2308,3588
2309,3271
2310,2348
2311,770
2312,3866
2313,3808
2314,3435
2315,3817
2316,345
2317,148
2318,3242
2319,622
2320,3201
2321,3156
2322,2082
2323,3946
2324,1094
2325,2673
2326,1490
2327,3746
2328,1701
2329,1733
2330,2198
2331,3288
2332,1128
2333,1955
2334,2714
2335,3122
2336,569
2337,1481
2338,851
2339,1103
2340,3012
2341,663
2342,208
2343,3109
2344,3069
2345,3581
2346,888
2347,3757
2348,1595
2349,977
2350,65
2351,764
2352,2677
2353,300
2354,3915
2355,2206
2356,2146
2357,312
2358,1821
2359,1152
2360,16
2361,2739
2362,3407
2363,2599
2364,311
2365,2760
2366,622
2367,3969
2368,1871
2369,1027
2370,1890
2371,3120
2372,1792
2373,32
2374,1669
2375,1476
2376,988
2377,270
2378,2301
2379,3211
2380,1196
2381,2329
2382,3093
2383,1037
2384,1954
2385,941
2386,3668
2387,2188
2388,1875
2389,1004
2390,2781
2391,3877
2392,724
2393,2574
2394,2541
2395,821
2396,3516
2397,3350
2398,3060
2399,3358
2400,1877
2401,2168
2402,1643
2403,290
2404,2327
2405,257
2406,2500
2407,1907
2408,1869
2409,420
2410,3889
2411,465
2412,3278
2413,2617
2414,2428
2415,1797
2416,1575
2417,259
2418,1240
2419,2864
2420,2942
2421,548
2422,3755
2423,1846
2424,756
2425,3689
2426,901
2427,2152
2428,2387
2429,829
2430,1621
2431,1751
2432,2660
2433,2246
2434,3200
2435,465
2436,407
2437,1418
2438,2865
2439,2616
2440,3971
2441,1418
2442,2160
2443,225
2444,1108
2445,3434
2446,246
2447,3904
2448,3809
2449,397
2450,2650
2451,2444
2452,1650
2453,38
2454,3433
2455,1839
2456,2134
2457,3055
2458,2947
2459,2045
2460,1352
2461,1941
2462,3289
2463,961
2464,571
2465,219
2466,2334
2467,2922
2468,1531
2469,973
2470,2300
2471,3383
2472,1738
2473,3297
2474,2324
2475,3989
2476,3757
2477,2060
2478,2717
2479,400
2480,494
2481,821
2482,354
2483,282
2484,2286
2485,3234
2486,3967
2487,1044
2488,1601
2489,3138
2490,1677
2491,2199
2492,490
2493,1020
2494,1742
2495,2426
2496,458
2497,3312
2498,3901
2499,555
2500,2391
2501,1945
2502,3861
2503,3328
2504,2103
2505,1425
2506,2191
2507,3108
2508,3830
2509,2533
2510,1742
2511,2498
2512,2984
2513,3572
2514,845
2515,2084
2516,3384
2517,1685
2518,3082
2519,2190
2520,2472
2521,2314
2522,2189
2523,3406
2524,3758
2525,540
2526,2828
2527,3433
2528,1040
2529,723
2530,2299
2531,2
2532,300
2533,2497
2534,3480
2535,662
2536,2444
2537,528
2538,357
2539,3955
2540,757
2541,2731
2542,3760
2543,2189
2544,837
2545,1650
2546,82
2547,2030
2548,3917
2549,509
2550,3798
2551,3334
2552,1659
2553,483
2554,1221
2555,1880
2556,400
2557,3588
2558,2062
2559,1992
2560,2672
2561,266
2562,2157
2563,323
2564,1106
2565,330
2566,1572
2567,2683
2568,2573
2569,862
2570,2267
2571,2351
2572,440
2573,1228
2574,647
2575,3360
2576,2353
2577,2709
2578,3916
2579,3632
2580,202
2581,703
2582,3040
2583,3202
2584,2739
2585,1001
2586,3991
2587,234
2588,3964
2589,878
2590,3491
2591,3919
2592,2106
2593,2932
2594,2134
2595,1803
2596,1249
2597,2898
2598,3659
2599,3556
2600,2872
2601,1874
2602,3845
2603,1735
2604,16
2605,1849
2606,1175
2607,3936
2608,2550
2609,2686
2610,950
2611,955
2612,3457
2613,1351
2614,2352
2615,2770
2616,1628
2617,3725
2618,1955
2619,1194
2620,1668
2621,229
2622,1536
2623,2590
2624,304
2625,3826
2626,144
2627,361
2628,2852
2629,318
2630,3422
2631,1857
2632,2548
2633,2269
2634,3148
2635,3396
2636,2900
2637,2054
2638,2482
2639,2401
2640,3717
2641,314
2642,1931
2643,3328
2644,3488
2645,3098
2646,2888
2647,1694
2648,115
2649,3859
2650,3039
2651,1600
2652,344
2653,2505
2654,3070
2655,3060
2656,657
2657,128
2658,3965
2659,1525
2660,2532
2661,3237
2662,3324
2663,1574
2664,2327
2665,1270
2666,2677
2667,2445
2668,3332
2669,2412
2670,3838
2671,1326
2672,2743
2673,3200
2674,3133
2675,1288
2676,3406
2677,805
2678,3704
2679,2068
2680,1959
2681,3061
2682,1676
2683,2313
2684,2486
2685,86
2686,2090
2687,1844
2688,979
2689,1108
2690,2702
2691,2796
2692,2665
2693,2381
2694,2487
2695,3876
2696,3275
2697,1049
2698,3346
2699,455
2700,139
2701,2950
2702,3361
2703,293
2704,2721
2705,3094
2706,3918
2707,2690
2708,1791
2709,1427
2710,1966
2711,1013
2712,27
2713,1418
2714,1060
2715,454
2716,1812
2717,815
2718,1577
2719,11
2720,3954
2721,2913
2722,1068
2723,1379
2724,3331
2725,3733
2726,2192
2727,2808
2728,1742
2729,1789
2730,1994
2731,3190
2732,1007
2733,726
2734,94
2735,3807
2736,3868
2737,2176
2738,651
2739,1600
2740,2839
2741,1406
2742,3139
2743,1381
2744,2105
2745,1079
2746,759
2747,2142
2748,2743
2749,2228
2750,2546
2751,801
2752,2276
2753,3833
2754,2223
2755,264
2756,2146
2757,2500
2758,819
2759,3272
2760,1447
2761,1507
2762,3957
2763,1006
2764,2566
2765,3954
2766,2152
2767,2866
2768,2955
2769,2643
2770,2644
2771,3739
2772,229
2773,1386
2774,907
2775,619
2776,30
2777,2272
2778,879
2779,1176
2780,1566
2781,1361
2782,1869
2783,773
2784,3294
2785,3520
2786,2295
2787,1991
2788,2645
2789,562
2790,1688
2791,2345
2792,73
2793,2211
2794,2459
2795,1242
2796,2308
2797,1873
2798,3256
2799,1059
2800,132
2801,2473
2802,1114
2803,2875
2804,632
2805,796
2806,2026
2807,731
2808,407
2809,1720
2810,498
2811,910
2812,765
2813,3010
2814,1257
2815,3114
2816,1927
2817,1399
2818,865
2819,3433
2820,1081
2821,783
2822,527
2823,2720
2824,590
2825,3872
2826,3828
2827,247
2828,3006
2829,3969
2830,519
2831,3453
2832,1931
2833,238
2834,3596
2835,2259
2836,3372
2837,1678
2838,808
2839,1559
2840,2235
2841,3486
2842,628
2843,515
2844,1515
2845,1170
2846,2440
2847,1169
2848,740
2849,3095
2850,206
2851,1884
2852,3339
2853,3679
2854,2770
2855,356
2856,1298
2857,746
2858,3988
2859,948
2860,1095
2861,3740
2862,3048
2863,793
2864,324
2865,2916
2866,675
2867,3594
2868,1611
2869,2534
2870,282
2871,1573
2872,1676
2873,3352
2874,477
2875,1773
2876,3213
2877,3297
2878,2634
2879,3461
2880,2737
2881,1826
2882,657
2883,3955
2884,2111
2885,2804
2886,3505
2887,1249
2888,1133
2889,3793
2890,369
2891,2788
2892,1505
2893,2995
2894,2507
2895,2927
2896,3404
2897,1857
2898,1502
2899,116
2900,1985
2901,802
2902,1710
2903,1163
2904,3963
2905,1977
2906,1787
2907,3373
2908,3258
2909,20
2910,2042
2911,552
2912,3435
2913,3001
2914,481
2915,2211
2916,1589
2917,3369
2918,420
2919,3419
2920,756
2921,581
2922,1817
2923,3809
2924,317
2925,635
2926,1074
2927,3237
2928,2375
2929,3294
2930,524
2931,3707
2932,3735
2933,296
2934,1955
2935,1189
2936,467
2937,2192
2938,3066
2939,2501
2940,2608
2941,3731
2942,1857
2943,2622
2944,666
2945,2823
2946,2665
2947,2616
2948,3288
2949,1446
2950,577
2951,687
2952,1494
2953,245
2954,3053
2955,1973
2956,880
2957,808
2958,3092
2959,85
2960,598
2961,2257
2962,1521
2963,1386
2964,450
2965,86
2966,1525
2967,2823
2968,1612
2969,217
2970,3267
2971,2755
2972,3288
2973,1573
2974,3379
2975,660
2976,1707
2977,2168
2978,3709
2979,1233
2980,1747
2981,1763
2982,873
2983,942
2984,446
2985,2113
2986,565
2987,1577
2988,105
2989,3607
2990,1231
2991,1043
2992,208
2993,206
2994,2655
2995,2824
2996,1385
2997,3626
2998,1290
2999,608
3000,3754
3001,161
3002,2208
3003,1548
3004,2277
3005,3384
3006,1985
3007,809
3008,2922
3009,603
3010,875
3011,911
3012,3396
3013,813
3014,935
3015,1650
3016,1531
3017,750
3018,1286
3019,2484
3020,2686
3021,3317
3022,1232
3023,521
3024,2390
3025,2519
3026,2124
3027,356
3028,882
3029,1975
3030,121
3031,542
3032,2442
3033,1476
3034,579
3035,1829
3036,3995
3037,2710
3038,1758
3039,1916
3040,1698
3041,3175
3042,3905
3043,2236
3044,1178
3045,974
3046,572
3047,3447
3048,3123
3049,3134
3050,664
3051,3014
3052,1270
3053,3042
3054,3029
3055,2213
3056,613
3057,2595
3058,675
3059,3738
3060,2671
3061,2527
3062,1558
3063,494
3064,768
3065,2161
3066,1217
3067,125
3068,444
3069,401
3070,2493
3071,3149
3072,3375
3073,1433
3074,2267
3075,739
3076,3445
3077,2354
3078,2189
3079,2328
3080,2422
3081,3436
3082,427
3083,371
3084,2763
3085,561
3086,1256
3087,1067
3088,3836
3089,3283
3090,276
3091,471
3092,811
3093,3557
3094,3373
3095,2464
3096,1733
3097,2893
3098,1172
3099,3164
3100,1103
3101,3728
3102,1118
3103,72
3104,1191
3105,2322
3106,196
3107,3341
3108,978
3109,2009
3110,384
3111,2682
3112,3519
3113,2931
3114,3236
3115,1845
3116,1331
3117,2113
3118,3336
3119,2301
3120,43
3121,1981
3122,1222
3123,185
3124,3274
3125,2317
3126,3380
3127,2476
3128,171
3129,84
3130,1475
3131,2275
3132,1934
3133,838
3134,1915
3135,2865
3136,3128
3137,17
3138,1
3139,1303
3140,3477
3141,1223
3142,3126
3143,2447
3144,2408
3145,3924
3146,3096
3147,1263
3148,1489
3149,1717
3150,2865
3151,3194
3152,1571
3153,3732
3154,1455
3155,3401
3156,2350
3157,457
3158,2076
3159,3627
3160,1683
3161,516
3162,481
3163,2986
3164,757
3165,2134
3166,2902
3167,2735
3168,1799
3169,802
3170,314
3171,1044
3172,396
3173,953
3174,706
3175,2105
3176,300
3177,3810
3178,2442
3179,3775
3180,3286
3181,3452
3182,2316
3183,3880
3184,814
3185,1684
3186,2317
3187,493
3188,2836
3189,1812
3190,192
3191,832
3192,2399
3193,3275
3194,3367
3195,905
3196,1044
3197,3667
3198,1262
3199,110
3200,236
3201,3611
3202,631
3203,1625
3204,2818
3205,1849
3206,3224
3207,2638
3208,968
3209,3833
3210,2619
3211,3499
3212,817
3213,2732
3214,326
3215,3074
3216,824
3217,555
3218,2504
3219,2408
3220,2874
3221,232
3222,2490
3223,1391
3224,3520
3225,872
3226,3957
3227,1537
3228,127
3229,1787
3230,2137
3231,727
3232,1331
3233,3806
3234,794
3235,1154
3236,2843
3237,2930
3238,907
3239,2581
3240,1401
3241,717
3242,2843
3243,150
3244,470
3245,1117
3246,2451
3247,3131
3248,1635
3249,3996
3250,3811
3251,2738
3252,3180
3253,1900
3254,3599
3255,230
3256,2453
3257,647
3258,3385
3259,64
3260,2611
3261,985
3262,3432
3263,2059
3264,1063
3265,3634
3266,518
3267,3716
3268,2860
3269,1833
3270,1405
3271,1385
3272,1461
3273,1742
3274,3270
3275,2144
3276,527
3277,238
3278,3701
3279,208
3280,3658
3281,247
3282,1040
3283,2563
3284,2111
3285,537
3286,2029
3287,3315
3288,305
3289,1385
3290,455
3291,2879
3292,1448
3293,2978
3294,2202
3295,1651
3296,1767
3297,3572
3298,1106
3299,3653
3300,1253
3301,2745
3302,2522
3303,67
3304,197
3305,3186
3306,49
3307,3192
3308,454
3309,713
3310,1730
3311,2722
3312,649
3313,78
3314,1871
3315,1643
3316,3184
3317,2376
3318,3465
3319,1601
3320,810
3321,2804
3322,3802
3323,1384
3324,4
3325,2652
3326,2979
3327,1015
3328,948
3329,727
3330,3011
3331,3549
3332,3705
3333,2155
3334,3667
3335,254
3336,2155
3337,691
3338,3044
3339,795
3340,2081
3341,3809
3342,701
3343,88
3344,2848
3345,2445
3346,2286
3347,2706
3348,1624
3349,2663
3350,3783
3351,2366
3352,2064
3353,666
3354,1708
3355,2625
3356,900
3357,427
3358,3157
3359,2355
3360,2878
3361,1252
3362,3251
3363,1588
3364,3926
3365,251
3366,1412
3367,709
3368,174
3369,70
3370,1639
3371,3040
3372,3113
3373,924
3374,41
3375,3228
3376,63
3377,2704
3378,3924
3379,1367
3380,449
3381,3888
3382,1005
3383,3288
3384,2815
3385,3721
3386,1452
3387,2573
3388,3205
3389,2851
3390,1054
3391,1234
3392,425
3393,2345
3394,2061
3395,2667
3396,3299
3397,1141
3398,2127
3399,2706
3400,510
3401,1518
3402,1435
3403,866
3404,3393
3405,509
3406,3202
3407,1025
3408,3514
3409,1189
3410,1487
3411,2792
3412,3698
3413,1303
3414,885
3415,265
3416,1309
3417,1234
3418,2835
3419,2542
3420,2856
3421,79
3422,2743
3423,2082
3424,469
3425,2960
3426,496
3427,787
3428,6
3429,689
3430,2523
3431,11
3432,1416
3433,3041
3434,2637
3435,2278
3436,809
3437,2042
3438,1831
3439,929
3440,2818
3441,1490
3442,1080
3443,2615
3444,2523
3445,1346
3446,900
3447,745
3448,3285
3449,2338
3450,2148
3451,2000
3452,1253
3453,3180
3454,1849
3455,252
3456,2192
3457,406
3458,885
3459,844
3460,2890
3461,255
3462,1509
3463,2633
3464,603
3465,3656
3466,1382
3467,2546
3468,3150
3469,2953
3470,2237
3471,698
3472,211
3473,3609
3474,3974
3475,2037
3476,1358
3477,3467
3478,1776
3479,1816
3480,3956
3481,3892
3482,3450
3483,2001
3484,2595
3485,1083
3486,1540
3487,2158
3488,3603
3489,2334
3490,1663
3491,2317
3492,3992
3493,1250
3494,2062
3495,438
3496,3613
3497,1985
3498,3955
3499,2254
3500,2660
3501,2531
3502,1577
3503,3747
3504,1886
3505,1717
3506,1493
3507,3510
3508,949
3509,2101
3510,1193
3511,583
3512,734
3513,2920
3514,1594
3515,2444
3516,3080
3517,2730
3518,2479
3519,2093
3520,238
3521,3894
3522,3691
3523,2240
3524,855
3525,1465
3526,3304
3527,1651
3528,1859
3529,3154
3530,2956
3531,1194
3532,3437
3533,1062
3534,286
3535,630
3536,724
3537,676
3538,1763
3539,3246
3540,3796
3541,2556
3542,1145
3543,3584
3544,1262
3545,618
3546,653
3547,3496
3548,3471
3549,3835
3550,3458
3551,2596
3552,1322
3553,3497
3554,2295
3555,2330
3556,2424
3557,3889
3558,1699
3559,495
3560,549
3561,2518
3562,3829
3563,2968
3564,3056
3565,2530
3566,791
3567,1128
3568,3204
3569,1572
3570,3760
3571,1954
3572,2832
3573,801
3574,3478
3575,1867
3576,2058
3577,2346
3578,2234
3579,1102
3580,2548
3581,735
3582,2172
3583,1949
3584,1305
3585,1700
3586,2321
3587,2217
3588,566
3589,2894
3590,1803
3591,3886
3592,1051
3593,2683
3594,2264
3595,57
3596,2212
3597,3143
3598,1285
3599,1409
3600,3689
3601,1557
3602,3388
3603,2278
3604,3919
3605,2384
3606,2674
3607,3965
3608,3624
3609,541
3610,914
3611,2384
3612,469
3613,3091
3614,1833
3615,684
3616,3799
3617,3100
3618,3703
3619,3153
3620,2925
3621,852
3622,3994
3623,2167
3624,1557
3625,2036
3626,659
3627,1669
3628,398
3629,445
3630,2753
3631,3784
3632,272
3633,596
3634,569
3635,3750
3636,1392
3637,3616
3638,2365
3639,1944
3640,1319
3641,3593
3642,2205
3643,2676
3644,772
3645,3853
3646,1338
3647,1088
3648,716
3649,26
3650,1014
3651,3796
3652,1256
3653,2205
3654,304
3655,1297
3656,3594
3657,2868
3658,1058
3659,3193
3660,202
3661,2968
3662,2064
3663,833
3664,1044
3665,3611
3666,1227
3667,1737
3668,1377
3669,278
3670,2671
3671,3074
3672,621
3673,3089
3674,130
3675,2358
3676,1084
3677,1203
3678,569
3679,894
3680,1648
3681,267
3682,1370
3683,3175
3684,748
3685,1066
3686,2436
3687,1547
3688,1491
3689,2738
3690,401
3691,2946
3692,1414
3693,226
3694,354
3695,1624
3696,802
3697,2090
3698,2699
3699,364
3700,2614
3701,768
3702,1744
3703,1817
3704,1482
3705,2141
3706,1646
3707,2433
3708,2413
3709,144
3710,1389
3711,3037
3712,3096
3713,2978
3714,915
3715,1580
3716,2847
3717,3451
3718,3638
3719,1820
3720,904
3721,207
3722,1077
3723,3393
3724,1166
3725,1153
3726,2145
3727,1437
3728,995
3729,1123
3730,3439
3731,1859
3732,3559
3733,1972
3734,2349
3735,3842
3736,504
3737,2099
3738,3782
3739,739
3740,1616
3741,2099
3742,826
3743,2655
3744,2752
3745,627
3746,2653
3747,3753
3748,2729
3749,2162
3750,3131
3751,2083
3752,3519
3753,1036
3754,2860
3755,2705
3756,3318
3757,1594
3758,3778
3759,209
3760,2476
3761,1650
3762,493
3763,2595
3764,2465
3765,3440
3766,2109
3767,3878
3768,2997
3769,3304
3770,3266
3771,3900
3772,653
3773,50
3774,1861
3775,2866
3776,461
3777,702
3778,2216
3779,2601
3780,2575
3781,2497
3782,3584
3783,3355
3784,1500
3785,2699
3786,2766
3787,3064
3788,1446
3789,2833
3790,3129
3791,1120
3792,1676
3793,2178
3794,3201
3795,3786
3796,2600
3797,851
3798,693
3799,2935
3800,1941
3801,486
3802,2020
3803,3269
3804,3608
3805,2230
3806,3450
3807,747
3808,3993
3809,2065
3810,2086
3811,1892
3812,2534
3813,1826
3814,3959
3815,2575
3816,3825
3817,1165
3818,3051
3819,2218
3820,1749
3821,2730
3822,117
3823,3308
3824,3686
3825,8
3826,506
3827,3830
3828,859
3829,1411
3830,796
3831,1173
3832,3360
3833,3351
3834,1683
3835,819
3836,3640
3837,1871
3838,254
3839,1095
3840,2368
3841,2536
3842,2536
3843,3482
3844,2886
3845,3523
3846,700
3847,2623
3848,2376
3849,1954
3850,1329
3851,2969
3852,3040
3853,1964
3854,2114
3855,1079
3856,2643
3857,2799
3858,1337
3859,1617
3860,2350
3861,2391
3862,2249
3863,1044
3864,3888
3865,3586
3866,1375
3867,2134
3868,339
3869,2114
3870,3730
3871,3627
3872,1345
3873,3226
3874,555
3875,1011
3876,2711
3877,451
3878,3295
3879,2746
3880,1882
3881,914
3882,2382
3883,1699
3884,3830
3885,778
3886,1674
3887,3694
3888,930
3889,2862
3890,2150
3891,1947
3892,402
3893,577
3894,2712
3895,3826
3896,1709
3897,3443
3898,1935
3899,1876
3900,754
3901,2198
3902,1872
3903,1349
3904,1334
3905,3828
3906,3646
3907,784
3908,412
3909,3308
3910,1997
3911,273
3912,763
3913,922
3914,617
3915,2866
3916,160
3917,1718
3918,2272
3919,1726
3920,1256
3921,1068
3922,1408
3923,266
3924,3800
3925,69
3926,3899
3927,3097
3928,2929
3929,1602
3930,599
3931,799
3932,93
3933,3190
3934,2709
3935,1540
3936,1785
3937,3304
3938,598
3939,2407
3940,2185
3941,2677
3942,2526
3943,854
3944,3893
3945,2095
3946,280
3947,73
3948,2344
3949,2455
3950,2362
3951,3259
3952,1681
3953,2199
3954,1136
3955,3316
3956,2783
3957,1488
3958,3947
3959,3193
3960,3750
3961,800
3962,3734
3963,2834
3964,3357
3965,2943
3966,2022
3967,2471
3968,3530
3969,1902
3970,3996
3971,2916
3972,235
3973,2407
3974,1331
3975,1609
3976,2285
3977,2891
3978,742
3979,2848
3980,91
3981,3534
3982,3693
3983,754
3984,256
3985,3630
3986,2272
3987,492
3988,2279
3989,3039
3990,931
3991,2204
3992,298
3993,240
3994,2756
3995,1011
3996,2293
3997,3663
3998,2840
3999,3417
4000,2937
